CP000819.1	547702	549810	CP000819.1	548866	549082	ID=gene-ECB_00506;Name=ybcR;gbkey=Gene;gene=ybcR;gene_biotype=protein_coding;locus_tag=ECB_00506
CP000819.1	547702	549810	CP000819.1	549081	549579	ID=gene-ECB_00507;Name=ybcS;gbkey=Gene;gene=ybcS;gene_biotype=protein_coding;locus_tag=ECB_00507
CP000819.1	547702	549810	CP000819.1	549575	550037	ID=gene-ECB_00508;Name=ybcT;gbkey=Gene;gene=ybcT;gene_biotype=protein_coding;locus_tag=ECB_00508
CP000819.1	549963	553353	CP000819.1	549575	550037	ID=gene-ECB_00508;Name=ybcT;gbkey=Gene;gene=ybcT;gene_biotype=protein_coding;locus_tag=ECB_00508
CP000819.1	549963	553353	CP000819.1	550068	550362	ID=gene-ECB_00509;Name=ybcU;gbkey=Gene;gene=ybcU;gene_biotype=protein_coding;locus_tag=ECB_00509
CP000819.1	549963	553353	CP000819.1	550722	550917	ID=gene-ECB_00510;Name=ECB_00510;gbkey=Gene;gene_biotype=protein_coding;locus_tag=ECB_00510
CP000819.1	549963	553353	CP000819.1	551305	551881	ID=gene-ECB_00511;Name=nohB;gbkey=Gene;gene=nohB;gene_biotype=protein_coding;locus_tag=ECB_00511
CP000819.1	549963	553353	CP000819.1	551840	554657	ID=gene-ECB_00512;Name=ECB_00512;gbkey=Gene;gene_biotype=protein_coding;locus_tag=ECB_00512
CP000819.1	554669	554990	CP000819.1	554715	557061	ID=gene-ECB_00513;Name=ECB_00513;gbkey=Gene;gene_biotype=protein_coding;locus_tag=ECB_00513
CP000819.1	555053	557735	CP000819.1	557057	557339	ID=gene-ECB_00514;Name=ECB_00514;gbkey=Gene;gene_biotype=protein_coding;locus_tag=ECB_00514
CP000819.1	555053	557735	CP000819.1	557348	558053	ID=gene-ECB_00515;Name=ECB_00515;gbkey=Gene;gene_biotype=protein_coding;locus_tag=ECB_00515
CP000819.1	555053	557735	CP000819.1	554715	557061	ID=gene-ECB_00513;Name=ECB_00513;gbkey=Gene;gene_biotype=protein_coding;locus_tag=ECB_00513
CP000819.1	557922	558316	CP000819.1	557348	558053	ID=gene-ECB_00515;Name=ECB_00515;gbkey=Gene;gene_biotype=protein_coding;locus_tag=ECB_00515
CP000819.1	557922	558316	CP000819.1	558063	558357	ID=gene-ECB_00516;Name=ECB_00516;gbkey=Gene;gene_biotype=protein_coding;locus_tag=ECB_00516
CP000819.1	557922	558316	CP000819.1	558111	558447	ID=gene-ECB_00517;Name=ECB_00517;gbkey=Gene;gene_biotype=protein_coding;locus_tag=ECB_00517
CP000819.1	558364	569028	CP000819.1	558111	558447	ID=gene-ECB_00517;Name=ECB_00517;gbkey=Gene;gene_biotype=protein_coding;locus_tag=ECB_00517
CP000819.1	558364	569028	CP000819.1	559032	559782	ID=gene-ECB_00518;Name=appY;gbkey=Gene;gene=appY;gene_biotype=protein_coding;locus_tag=ECB_00518
CP000819.1	558364	569028	CP000819.1	560030	560984	ID=gene-ECB_00519;Name=ompT;gbkey=Gene;gene=ompT;gene_biotype=protein_coding;locus_tag=ECB_00519
CP000819.1	558364	569028	CP000819.1	561497	562259	ID=gene-ECB_00520;Name=envY;gbkey=Gene;gene=envY;gene_biotype=protein_coding;locus_tag=ECB_00520
CP000819.1	558364	569028	CP000819.1	562441	563332	ID=gene-ECB_00521;Name=ybcH;gbkey=Gene;gene=ybcH;gene_biotype=protein_coding;locus_tag=ECB_00521
CP000819.1	558364	569028	CP000819.1	563332	566305	ID=gene-ECB_00522;Name=nfrA;gbkey=Gene;gene=nfrA;gene_biotype=protein_coding;locus_tag=ECB_00522
CP000819.1	558364	569028	CP000819.1	568651	568822	ID=gene-ECB_00524;Name=ECB_00524;gbkey=Gene;gene_biotype=protein_coding;locus_tag=ECB_00524
CP000819.1	558364	569028	CP000819.1	568799	569936	ID=gene-ECB_00525;Name=yhhI-2;gbkey=Gene;gene=yhhI-2;gene_biotype=protein_coding;locus_tag=ECB_00525
CP000819.1	569060	572274	CP000819.1	568799	569936	ID=gene-ECB_00525;Name=yhhI-2;gbkey=Gene;gene=yhhI-2;gene_biotype=protein_coding;locus_tag=ECB_00525
CP000819.1	569060	572274	CP000819.1	570614	570776	ID=gene-ECB_00526;Name=ECB_00526;gbkey=Gene;gene_biotype=protein_coding;locus_tag=ECB_00526
CP000819.1	569060	572274	CP000819.1	570900	571191	ID=gene-ECB_00527;Name=ECB_00527;gbkey=Gene;gene_biotype=protein_coding;locus_tag=ECB_00527
CP000819.1	569060	572274	CP000819.1	571187	571448	ID=gene-ECB_00528;Name=ECB_00528;gbkey=Gene;gene_biotype=protein_coding;locus_tag=ECB_00528
CP000819.1	569060	572274	CP000819.1	571480	572038	ID=gene-ECB_00529;Name=ECB_00529;gbkey=Gene;gene_biotype=protein_coding;locus_tag=ECB_00529
CP000819.1	569060	572274	CP000819.1	571889	573488	ID=gene-ECB_00530;Name=ECB_00530;gbkey=Gene;gene_biotype=protein_coding;locus_tag=ECB_00530
CP000819.1	572580	572788	CP000819.1	571889	573488	ID=gene-ECB_00530;Name=ECB_00530;gbkey=Gene;gene_biotype=protein_coding;locus_tag=ECB_00530
CP000819.1	573493	588487	CP000819.1	574224	575673	ID=gene-ECB_00531;Name=cusS;gbkey=Gene;gene=cusS;gene_biotype=protein_coding;locus_tag=ECB_00531
CP000819.1	573493	588487	CP000819.1	575662	576346	ID=gene-ECB_00532;Name=cusR;gbkey=Gene;gene=cusR;gene_biotype=protein_coding;locus_tag=ECB_00532
CP000819.1	573493	588487	CP000819.1	576502	577876	ID=gene-ECB_00533;Name=cusC;gbkey=Gene;gene=cusC;gene_biotype=protein_coding;locus_tag=ECB_00533
CP000819.1	573493	588487	CP000819.1	578033	578366	ID=gene-ECB_00534;Name=ylcC;gbkey=Gene;gene=ylcC;gene_biotype=protein_coding;locus_tag=ECB_00534
CP000819.1	573493	588487	CP000819.1	578381	579605	ID=gene-ECB_00535;Name=cusB;gbkey=Gene;gene=cusB;gene_biotype=protein_coding;locus_tag=ECB_00535
CP000819.1	573493	588487	CP000819.1	579616	582760	ID=gene-ECB_00536;Name=cusA;gbkey=Gene;gene=cusA;gene_biotype=protein_coding;locus_tag=ECB_00536
CP000819.1	573493	588487	CP000819.1	582861	584238	ID=gene-ECB_00537;Name=pheP;gbkey=Gene;gene=pheP;gene_biotype=protein_coding;locus_tag=ECB_00537
CP000819.1	573493	588487	CP000819.1	584305	585553	ID=gene-ECB_00538;Name=ybdG;gbkey=Gene;gene=ybdG;gene_biotype=protein_coding;locus_tag=ECB_00538
CP000819.1	573493	588487	CP000819.1	585660	586314	ID=gene-ECB_00539;Name=nfnB;gbkey=Gene;gene=nfnB;gene_biotype=protein_coding;locus_tag=ECB_00539
CP000819.1	573493	588487	CP000819.1	586407	586776	ID=gene-ECB_00540;Name=ybdF;gbkey=Gene;gene=ybdF;gene_biotype=protein_coding;locus_tag=ECB_00540
CP000819.1	573493	588487	CP000819.1	586840	587089	ID=gene-ECB_00541;Name=ybdJ;gbkey=Gene;gene=ybdJ;gene_biotype=protein_coding;locus_tag=ECB_00541
CP000819.1	573493	588487	CP000819.1	587154	588273	ID=gene-ECB_00542;Name=ybdK;gbkey=Gene;gene=ybdK;gene_biotype=protein_coding;locus_tag=ECB_00542
CP000819.1	590477	590711	CP000819.1	590542	590695	ID=gene-ECB_00547;Name=hokE;gbkey=Gene;gene=hokE;gene_biotype=protein_coding;locus_tag=ECB_00547
CP000819.1	592065	604413	CP000819.1	592165	592795	ID=gene-ECB_00549;Name=entD;gbkey=Gene;gene=entD;gene_biotype=protein_coding;locus_tag=ECB_00549
CP000819.1	592065	604413	CP000819.1	592960	595201	ID=gene-ECB_00550;Name=fepA;gbkey=Gene;gene=fepA;gene_biotype=protein_coding;locus_tag=ECB_00550
CP000819.1	592065	604413	CP000819.1	595522	596647	ID=gene-ECB_00551;Name=fes;gbkey=Gene;gene=fes;gene_biotype=protein_coding;locus_tag=ECB_00551
CP000819.1	592065	604413	CP000819.1	596649	596868	ID=gene-ECB_00552;Name=ybdZ;gbkey=Gene;gene=ybdZ;gene_biotype=protein_coding;locus_tag=ECB_00552
CP000819.1	592065	604413	CP000819.1	596864	600746	ID=gene-ECB_00553;Name=entF;gbkey=Gene;gene=entF;gene_biotype=protein_coding;locus_tag=ECB_00553
CP000819.1	592065	604413	CP000819.1	600961	602095	ID=gene-ECB_00554;Name=fepE;gbkey=Gene;gene=fepE;gene_biotype=protein_coding;locus_tag=ECB_00554
CP000819.1	592065	604413	CP000819.1	602091	602907	ID=gene-ECB_00555;Name=fepC;gbkey=Gene;gene=fepC;gene_biotype=protein_coding;locus_tag=ECB_00555
CP000819.1	592065	604413	CP000819.1	602903	603896	ID=gene-ECB_00556;Name=fepG;gbkey=Gene;gene=fepG;gene_biotype=protein_coding;locus_tag=ECB_00556
CP000819.1	592065	604413	CP000819.1	603892	604897	ID=gene-ECB_00557;Name=fepD;gbkey=Gene;gene=fepD;gene_biotype=protein_coding;locus_tag=ECB_00557
CP000819.1	604505	612663	CP000819.1	603892	604897	ID=gene-ECB_00557;Name=fepD;gbkey=Gene;gene=fepD;gene_biotype=protein_coding;locus_tag=ECB_00557
CP000819.1	604505	612663	CP000819.1	606261	607218	ID=gene-ECB_00559;Name=fepB;gbkey=Gene;gene=fepB;gene_biotype=protein_coding;locus_tag=ECB_00559
CP000819.1	604505	612663	CP000819.1	607592	608768	ID=gene-ECB_00560;Name=entC;gbkey=Gene;gene=entC;gene_biotype=protein_coding;locus_tag=ECB_00560
CP000819.1	604505	612663	CP000819.1	608777	610388	ID=gene-ECB_00561;Name=entE;gbkey=Gene;gene=entE;gene_biotype=protein_coding;locus_tag=ECB_00561
CP000819.1	604505	612663	CP000819.1	610401	611259	ID=gene-ECB_00562;Name=entB;gbkey=Gene;gene=entB;gene_biotype=protein_coding;locus_tag=ECB_00562
CP000819.1	604505	612663	CP000819.1	611258	612005	ID=gene-ECB_00563;Name=entA;gbkey=Gene;gene=entA;gene_biotype=protein_coding;locus_tag=ECB_00563
CP000819.1	604505	612663	CP000819.1	612007	612421	ID=gene-ECB_00564;Name=ybdB;gbkey=Gene;gene=ybdB;gene_biotype=protein_coding;locus_tag=ECB_00564
CP000819.1	604505	612663	CP000819.1	605007	606258	ID=gene-ECB_00558;Name=ybdA;gbkey=Gene;gene=ybdA;gene_biotype=protein_coding;locus_tag=ECB_00558
CP000819.1	613828	619116	CP000819.1	614878	615076	ID=gene-ECB_00566;Name=ybdD;gbkey=Gene;gene=ybdD;gene_biotype=protein_coding;locus_tag=ECB_00566
CP000819.1	613828	619116	CP000819.1	615085	616174	ID=gene-ECB_00567;Name=ybdH;gbkey=Gene;gene=ybdH;gene_biotype=protein_coding;locus_tag=ECB_00567
CP000819.1	613828	619116	CP000819.1	616282	617443	ID=gene-ECB_00568;Name=ybdL;gbkey=Gene;gene=ybdL;gene_biotype=protein_coding;locus_tag=ECB_00568
CP000819.1	613828	619116	CP000819.1	617443	618073	ID=gene-ECB_00569;Name=ybdM;gbkey=Gene;gene=ybdM;gene_biotype=protein_coding;locus_tag=ECB_00569
CP000819.1	613828	619116	CP000819.1	618045	619107	ID=gene-ECB_00570;Name=ybdN;gbkey=Gene;gene=ybdN;gene_biotype=protein_coding;locus_tag=ECB_00570
CP000819.1	1270405	1270415	CP000819.1	1270385	1270493	ID=gene-ECB_01193;Name=ldrC;gbkey=Gene;gene=ldrC;gene_biotype=protein_coding;locus_tag=ECB_01193
CP000819.1	1443894	1451828	CP000819.1	1443880	1444414	ID=gene-ECB_01361;Name=ydbC;gbkey=Gene;gene=ydbC;gene_biotype=protein_coding;locus_tag=ECB_01361
CP000819.1	1443894	1451828	CP000819.1	1444477	1446784	ID=gene-ECB_01362;Name=ydbD;gbkey=Gene;gene=ydbD;gene_biotype=protein_coding;locus_tag=ECB_01362
CP000819.1	1443894	1451828	CP000819.1	1446954	1447560	ID=gene-ECB_01363;Name=ynbA;gbkey=Gene;gene=ynbA;gene_biotype=protein_coding;locus_tag=ECB_01363
CP000819.1	1443894	1451828	CP000819.1	1447559	1448456	ID=gene-ECB_01364;Name=ynbB;gbkey=Gene;gene=ynbB;gene_biotype=protein_coding;locus_tag=ECB_01364
CP000819.1	1443894	1451828	CP000819.1	1448471	1450229	ID=gene-ECB_01365;Name=ynbC;gbkey=Gene;gene=ynbC;gene_biotype=protein_coding;locus_tag=ECB_01365
CP000819.1	1443894	1451828	CP000819.1	1450242	1451535	ID=gene-ECB_01366;Name=ynbD;gbkey=Gene;gene=ynbD;gene_biotype=protein_coding;locus_tag=ECB_01366
CP000819.1	1443894	1451828	CP000819.1	1451585	1452191	ID=gene-ECB_01367;Name=acpD;gbkey=Gene;gene=acpD;gene_biotype=protein_coding;locus_tag=ECB_01367
CP000819.1	1451973	1458182	CP000819.1	1451585	1452191	ID=gene-ECB_01367;Name=acpD;gbkey=Gene;gene=acpD;gene_biotype=protein_coding;locus_tag=ECB_01367
CP000819.1	1451973	1458182	CP000819.1	1452448	1456294	ID=gene-ECB_01368;Name=hrpA;gbkey=Gene;gene=hrpA;gene_biotype=protein_coding;locus_tag=ECB_01368
CP000819.1	1451973	1458182	CP000819.1	1456565	1457366	ID=gene-ECB_01369;Name=ydcF;gbkey=Gene;gene=ydcF;gene_biotype=protein_coding;locus_tag=ECB_01369
CP000819.1	1451973	1458182	CP000819.1	1457562	1459002	ID=gene-ECB_01370;Name=aldA;gbkey=Gene;gene=aldA;gene_biotype=protein_coding;locus_tag=ECB_01370
CP000819.1	1458332	1460156	CP000819.1	1459043	1460045	ID=gene-ECB_01371;Name=gapC;gbkey=Gene;gene=gapC;gene_biotype=protein_coding;locus_tag=ECB_01371
CP000819.1	1458332	1460156	CP000819.1	1457562	1459002	ID=gene-ECB_01370;Name=aldA;gbkey=Gene;gene=aldA;gene_biotype=protein_coding;locus_tag=ECB_01370
CP000819.1	1460930	1462317	CP000819.1	1461010	1461541	ID=gene-ECB_01374;Name=cybB;gbkey=Gene;gene=cybB;gene_biotype=protein_coding;locus_tag=ECB_01374
CP000819.1	1460930	1462317	CP000819.1	1461785	1461959	ID=gene-ECB_01375;Name=ydcA;gbkey=Gene;gene=ydcA;gene_biotype=protein_coding;locus_tag=ECB_01375
CP000819.1	1460930	1462317	CP000819.1	1462030	1462180	ID=gene-ECB_01376;Name=hokB;gbkey=Gene;gene=hokB;gene_biotype=protein_coding;locus_tag=ECB_01376
CP000819.1	1460930	1462317	CP000819.1	1462070	1462238	ID=gene-ECB_01377;Name=mokB;gbkey=Gene;gene=mokB;gene_biotype=protein_coding;locus_tag=ECB_01377
CP000819.1	1607915	1607916	CP000819.1	1606612	1607932	ID=gene-ECB_01510;Name=ECB_01510;gbkey=Gene;gene_biotype=protein_coding;locus_tag=ECB_01510
CP000819.1	1609174	1615470	CP000819.1	1609297	1609504	ID=gene-ECB_01513;Name=ybcW;gbkey=Gene;gene=ybcW;gene_biotype=protein_coding;locus_tag=ECB_01513
CP000819.1	1609174	1615470	CP000819.1	1609799	1609973	ID=gene-ECB_01514;Name=gnsB;gbkey=Gene;gene=gnsB;gene_biotype=protein_coding;locus_tag=ECB_01514
CP000819.1	1609174	1615470	CP000819.1	1610145	1610301	ID=gene-ECB_01515;Name=ynfN;gbkey=Gene;gene=ynfN;gene_biotype=protein_coding;locus_tag=ECB_01515
CP000819.1	1609174	1615470	CP000819.1	1610448	1610703	ID=gene-ECB_01516;Name=ECB_01516;gbkey=Gene;gene_biotype=protein_coding;locus_tag=ECB_01516
CP000819.1	1609174	1615470	CP000819.1	1610647	1610860	ID=gene-ECB_01517;Name=cspI;gbkey=Gene;gene=cspI;gene_biotype=protein_coding;locus_tag=ECB_01517
CP000819.1	1609174	1615470	CP000819.1	1611223	1611721	ID=gene-ECB_01518;Name=ydfP;gbkey=Gene;gene=ydfP;gene_biotype=protein_coding;locus_tag=ECB_01518
CP000819.1	1609174	1615470	CP000819.1	1611717	1612251	ID=gene-ECB_01519;Name=ydfQ-2;gbkey=Gene;gene=ydfQ-2;gene_biotype=protein_coding;locus_tag=ECB_01519
CP000819.1	1609174	1615470	CP000819.1	1612572	1613124	ID=gene-ECB_01520;Name=ydfR;gbkey=Gene;gene=ydfR;gene_biotype=protein_coding;locus_tag=ECB_01520
CP000819.1	1609174	1615470	CP000819.1	1613128	1613344	ID=gene-ECB_01521;Name=essQ;gbkey=Gene;gene=essQ;gene_biotype=protein_coding;locus_tag=ECB_01521
CP000819.1	1609174	1615470	CP000819.1	1613534	1614248	ID=gene-ECB_01522;Name=ECB_01522;gbkey=Gene;gene_biotype=protein_coding;locus_tag=ECB_01522
CP000819.1	1609174	1615470	CP000819.1	1614654	1615377	ID=gene-ECB_01523;Name=ECB_01523;gbkey=Gene;gene_biotype=protein_coding;locus_tag=ECB_01523
CP000819.1	1729055	1731494	CP000819.1	1728994	1731097	ID=gene-ECB_01642;Name=ydhV;gbkey=Gene;gene=ydhV;gene_biotype=protein_coding;locus_tag=ECB_01642
CP000819.1	1729055	1731494	CP000819.1	1731117	1731744	ID=gene-ECB_01643;Name=ydhY;gbkey=Gene;gene=ydhY;gene_biotype=protein_coding;locus_tag=ECB_01643
CP000819.1	1731499	1731500	CP000819.1	1731117	1731744	ID=gene-ECB_01643;Name=ydhY;gbkey=Gene;gene=ydhY;gene_biotype=protein_coding;locus_tag=ECB_01643
CP000819.1	2032710	2034323	CP000819.1	2032830	2034255	ID=gene-ECB_01933;Name=manC;gbkey=Gene;gene=manC;gene_biotype=protein_coding;locus_tag=ECB_01933
CP000819.1	2032710	2034323	CP000819.1	2031432	2032797	ID=gene-ECB_01932;Name=manB;gbkey=Gene;gene=manB;gene_biotype=protein_coding;locus_tag=ECB_01932
CP000819.1	2035094	2055107	CP000819.1	2035088	2035856	ID=gene-ECB_01936;Name=wbbD;gbkey=Gene;gene=wbbD;gene_biotype=protein_coding;locus_tag=ECB_01936
CP000819.1	2035094	2055107	CP000819.1	2035845	2036958	ID=gene-ECB_01937;Name=wbbC;gbkey=Gene;gene=wbbC;gene_biotype=protein_coding;locus_tag=ECB_01937
CP000819.1	2035094	2055107	CP000819.1	2036954	2038130	ID=gene-ECB_01938;Name=wzy;gbkey=Gene;gene=wzy;gene_biotype=protein_coding;locus_tag=ECB_01938
CP000819.1	2035094	2055107	CP000819.1	2038126	2038948	ID=gene-ECB_01939;Name=wbbB;gbkey=Gene;gene=wbbB;gene_biotype=protein_coding;locus_tag=ECB_01939
CP000819.1	2035094	2055107	CP000819.1	2038947	2039694	ID=gene-ECB_01940;Name=wbbA;gbkey=Gene;gene=wbbA;gene_biotype=protein_coding;locus_tag=ECB_01940
CP000819.1	2035094	2055107	CP000819.1	2039690	2040128	ID=gene-ECB_01941;Name=vioB;gbkey=Gene;gene=vioB;gene_biotype=protein_coding;locus_tag=ECB_01941
CP000819.1	2035094	2055107	CP000819.1	2040270	2041383	ID=gene-ECB_01942;Name=vioA;gbkey=Gene;gene=vioA;gene_biotype=protein_coding;locus_tag=ECB_01942
CP000819.1	2035094	2055107	CP000819.1	2041392	2042820	ID=gene-ECB_01943;Name=wzx;gbkey=Gene;gene=wzx;gene_biotype=protein_coding;locus_tag=ECB_01943
CP000819.1	2035094	2055107	CP000819.1	2042820	2043366	ID=gene-ECB_01944;Name=rmlC;Note=synonym: rfbC;gbkey=Gene;gene=rmlC;gene_biotype=protein_coding;locus_tag=ECB_01944
CP000819.1	2035094	2055107	CP000819.1	2043370	2044249	ID=gene-ECB_01945;Name=rfbA;gbkey=Gene;gene=rfbA;gene_biotype=protein_coding;locus_tag=ECB_01945
CP000819.1	2035094	2055107	CP000819.1	2044307	2045207	ID=gene-ECB_01946;Name=rfbD;gbkey=Gene;gene=rfbD;gene_biotype=protein_coding;locus_tag=ECB_01946
CP000819.1	2035094	2055107	CP000819.1	2045206	2046292	ID=gene-ECB_01947;Name=rfbB;gbkey=Gene;gene=rfbB;gene_biotype=protein_coding;locus_tag=ECB_01947
CP000819.1	2035094	2055107	CP000819.1	2046664	2047558	ID=gene-ECB_01948;Name=galF;gbkey=Gene;gene=galF;gene_biotype=protein_coding;locus_tag=ECB_01948
CP000819.1	2035094	2055107	CP000819.1	2049137	2050358	ID=gene-ECB_01950;Name=wcaL;gbkey=Gene;gene=wcaL;gene_biotype=protein_coding;locus_tag=ECB_01950
CP000819.1	2035094	2055107	CP000819.1	2050354	2051635	ID=gene-ECB_01951;Name=wcaK;gbkey=Gene;gene=wcaK;gene_biotype=protein_coding;locus_tag=ECB_01951
CP000819.1	2035094	2055107	CP000819.1	2051796	2053275	ID=gene-ECB_01952;Name=wzxC;gbkey=Gene;gene=wzxC;gene_biotype=protein_coding;locus_tag=ECB_01952
CP000819.1	2035094	2055107	CP000819.1	2053276	2054671	ID=gene-ECB_01953;Name=wcaJ;gbkey=Gene;gene=wcaJ;gene_biotype=protein_coding;locus_tag=ECB_01953
CP000819.1	2035094	2055107	CP000819.1	2054725	2056096	ID=gene-ECB_01954;Name=cpsG;gbkey=Gene;gene=cpsG;gene_biotype=protein_coding;locus_tag=ECB_01954
CP000819.1	2035094	2055107	CP000819.1	2047732	2049127	ID=gene-ECB_01949;Name=wcaM;gbkey=Gene;gene=wcaM;gene_biotype=protein_coding;locus_tag=ECB_01949
CP000819.1	2055171	2055296	CP000819.1	2054725	2056096	ID=gene-ECB_01954;Name=cpsG;gbkey=Gene;gene=cpsG;gene_biotype=protein_coding;locus_tag=ECB_01954
CP000819.1	2055349	2055361	CP000819.1	2054725	2056096	ID=gene-ECB_01954;Name=cpsG;gbkey=Gene;gene=cpsG;gene_biotype=protein_coding;locus_tag=ECB_01954
CP000819.1	2055529	2055559	CP000819.1	2054725	2056096	ID=gene-ECB_01954;Name=cpsG;gbkey=Gene;gene=cpsG;gene_biotype=protein_coding;locus_tag=ECB_01954
CP000819.1	2086867	2114580	CP000819.1	2087123	2088371	ID=gene-ECB_01979;Name=yegM;gbkey=Gene;gene=yegM;gene_biotype=protein_coding;locus_tag=ECB_01979
CP000819.1	2086867	2114580	CP000819.1	2088370	2091493	ID=gene-ECB_01980;Name=yegN;gbkey=Gene;gene=yegN;gene_biotype=protein_coding;locus_tag=ECB_01980
CP000819.1	2086867	2114580	CP000819.1	2091493	2094571	ID=gene-ECB_01981;Name=yegO;gbkey=Gene;gene=yegO;gene_biotype=protein_coding;locus_tag=ECB_01981
CP000819.1	2086867	2114580	CP000819.1	2094571	2095987	ID=gene-ECB_01982;Name=yegB;gbkey=Gene;gene=yegB;gene_biotype=protein_coding;locus_tag=ECB_01982
CP000819.1	2086867	2114580	CP000819.1	2097383	2098106	ID=gene-ECB_01984;Name=baeR;gbkey=Gene;gene=baeR;gene_biotype=protein_coding;locus_tag=ECB_01984
CP000819.1	2086867	2114580	CP000819.1	2098296	2098629	ID=gene-ECB_01985;Name=yegP;gbkey=Gene;gene=yegP;gene_biotype=protein_coding;locus_tag=ECB_01985
CP000819.1	2086867	2114580	CP000819.1	2098774	2100136	ID=gene-ECB_01986;Name=yegQ;gbkey=Gene;gene=yegQ;gene_biotype=protein_coding;locus_tag=ECB_01986
CP000819.1	2086867	2114580	CP000819.1	2100408	2100627	ID=gene-ECB_01987;Name=ogrK;gbkey=Gene;gene=ogrK;gene_biotype=protein_coding;locus_tag=ECB_01987
CP000819.1	2086867	2114580	CP000819.1	2100708	2101488	ID=gene-ECB_01988;Name=yegZ;gbkey=Gene;gene=yegZ;gene_biotype=protein_coding;locus_tag=ECB_01988
CP000819.1	2086867	2114580	CP000819.1	2101500	2102691	ID=gene-ECB_01989;Name=ECB_01989;gbkey=Gene;gene_biotype=protein_coding;locus_tag=ECB_01989
CP000819.1	2086867	2114580	CP000819.1	2102769	2103081	ID=gene-ECB_01990;Name=ECB_01990;gbkey=Gene;gene_biotype=protein_coding;locus_tag=ECB_01990
CP000819.1	2086867	2114580	CP000819.1	2103105	2103252	ID=gene-ECB_01991;Name=ECB_01991;gbkey=Gene;gene_biotype=protein_coding;locus_tag=ECB_01991
CP000819.1	2086867	2114580	CP000819.1	2103733	2103949	ID=gene-ECB_01992;Name=ECB_01992;gbkey=Gene;gene_biotype=protein_coding;locus_tag=ECB_01992
CP000819.1	2086867	2114580	CP000819.1	2103920	2105039	ID=gene-ECB_01993;Name=ECB_01993;gbkey=Gene;gene_biotype=protein_coding;locus_tag=ECB_01993
CP000819.1	2086867	2114580	CP000819.1	2105250	2108013	ID=gene-ECB_01994;Name=ECB_01994;gbkey=Gene;gene_biotype=protein_coding;locus_tag=ECB_01994
CP000819.1	2086867	2114580	CP000819.1	2108119	2108650	ID=gene-ECB_01995;Name=ECB_01995;gbkey=Gene;gene_biotype=protein_coding;locus_tag=ECB_01995
CP000819.1	2086867	2114580	CP000819.1	2108642	2109512	ID=gene-ECB_01996;Name=ECB_01996;gbkey=Gene;gene_biotype=protein_coding;locus_tag=ECB_01996
CP000819.1	2086867	2114580	CP000819.1	2109555	2109903	ID=gene-ECB_01997;Name=ECB_01997;gbkey=Gene;gene_biotype=protein_coding;locus_tag=ECB_01997
CP000819.1	2086867	2114580	CP000819.1	2109899	2110553	ID=gene-ECB_01998;Name=ECB_01998;gbkey=Gene;gene_biotype=protein_coding;locus_tag=ECB_01998
CP000819.1	2086867	2114580	CP000819.1	2110618	2111404	ID=gene-ECB_01999;Name=ECB_01999;gbkey=Gene;gene_biotype=protein_coding;locus_tag=ECB_01999
CP000819.1	2086867	2114580	CP000819.1	2111439	2112390	ID=gene-ECB_02000;Name=ECB_02000;gbkey=Gene;gene_biotype=protein_coding;locus_tag=ECB_02000
CP000819.1	2086867	2114580	CP000819.1	2112705	2114673	ID=gene-ECB_02001;Name=ECB_02001;gbkey=Gene;gene_biotype=protein_coding;locus_tag=ECB_02001
CP000819.1	2086867	2114580	CP000819.1	2095983	2097387	ID=gene-ECB_01983;Name=baeS;gbkey=Gene;gene=baeS;gene_biotype=protein_coding;locus_tag=ECB_01983
CP000819.1	2114735	2122425	CP000819.1	2114672	2115038	ID=gene-ECB_02002;Name=ECB_02002;gbkey=Gene;gene_biotype=protein_coding;locus_tag=ECB_02002
CP000819.1	2114735	2122425	CP000819.1	2115173	2116391	ID=gene-ECB_02003;Name=ECB_02003;gbkey=Gene;gene_biotype=protein_coding;locus_tag=ECB_02003
CP000819.1	2114735	2122425	CP000819.1	2116485	2118777	ID=gene-ECB_02004;Name=ECB_02004;gbkey=Gene;gene_biotype=protein_coding;locus_tag=ECB_02004
CP000819.1	2114735	2122425	CP000819.1	2118757	2119033	ID=gene-ECB_02005;Name=ECB_02005;gbkey=Gene;gene_biotype=protein_coding;locus_tag=ECB_02005
CP000819.1	2114735	2122425	CP000819.1	2119029	2119254	ID=gene-ECB_02006;Name=ECB_02006;gbkey=Gene;gene_biotype=protein_coding;locus_tag=ECB_02006
CP000819.1	2114735	2122425	CP000819.1	2119256	2119559	ID=gene-ECB_02007;Name=ECB_02007;gbkey=Gene;gene_biotype=protein_coding;locus_tag=ECB_02007
CP000819.1	2114735	2122425	CP000819.1	2119555	2119780	ID=gene-ECB_02008;Name=ECB_02008;gbkey=Gene;gene_biotype=protein_coding;locus_tag=ECB_02008
CP000819.1	2114735	2122425	CP000819.1	2119843	2120335	ID=gene-ECB_02009;Name=ECB_02009;gbkey=Gene;gene_biotype=protein_coding;locus_tag=ECB_02009
CP000819.1	2114735	2122425	CP000819.1	2120521	2120797	ID=gene-ECB_02010;Name=ECB_02010;gbkey=Gene;gene_biotype=protein_coding;locus_tag=ECB_02010
CP000819.1	2114735	2122425	CP000819.1	2120846	2121218	ID=gene-ECB_02011;Name=ECB_02011;gbkey=Gene;gene_biotype=protein_coding;locus_tag=ECB_02011
CP000819.1	2114735	2122425	CP000819.1	2121333	2122347	ID=gene-ECB_02012;Name=ECB_02012;gbkey=Gene;gene_biotype=protein_coding;locus_tag=ECB_02012
CP000819.1	2114735	2122425	CP000819.1	2122409	2122625	ID=gene-ECB_02013;Name=ECB_02013;gbkey=Gene;gene_biotype=protein_coding;locus_tag=ECB_02013
CP000819.1	2877317	2882707	CP000819.1	2877117	2877879	ID=gene-ECB_02690;Name=kduD;gbkey=Gene;gene=kduD;gene_biotype=protein_coding;locus_tag=ECB_02690
CP000819.1	2877317	2882707	CP000819.1	2877908	2878745	ID=gene-ECB_02691;Name=kduI;gbkey=Gene;gene=kduI;gene_biotype=protein_coding;locus_tag=ECB_02691
CP000819.1	2877317	2882707	CP000819.1	2879031	2880213	ID=gene-ECB_02692;Name=yqeF;gbkey=Gene;gene=yqeF;gene_biotype=protein_coding;locus_tag=ECB_02692
CP000819.1	2877317	2882707	CP000819.1	2880468	2881698	ID=gene-ECB_02693;Name=yqeG;gbkey=Gene;gene=yqeG;gene_biotype=protein_coding;locus_tag=ECB_02693
CP000819.1	2877317	2882707	CP000819.1	2882157	2882727	ID=gene-ECB_02694;Name=yqeH;gbkey=Gene;gene=yqeH;gene_biotype=protein_coding;locus_tag=ECB_02694
CP000819.1	2883967	2897416	CP000819.1	2883949	2884501	ID=gene-ECB_02697;Name=ygeQ;gbkey=Gene;gene=ygeQ;gene_biotype=protein_coding;locus_tag=ECB_02697
CP000819.1	2883967	2897416	CP000819.1	2884738	2884812	ID=gene-ECB_t00054;Name=glyU;gbkey=Gene;gene=glyU;gene_biotype=tRNA;locus_tag=ECB_t00054
CP000819.1	2883967	2897416	CP000819.1	2884890	2885646	ID=gene-ECB_02698;Name=ygeR;gbkey=Gene;gene=ygeR;gene_biotype=protein_coding;locus_tag=ECB_02698
CP000819.1	2883967	2897416	CP000819.1	2886099	2888358	ID=gene-ECB_02699;Name=xdhA;gbkey=Gene;gene=xdhA;gene_biotype=protein_coding;locus_tag=ECB_02699
CP000819.1	2883967	2897416	CP000819.1	2888368	2889247	ID=gene-ECB_02700;Name=xdhB;gbkey=Gene;gene=xdhB;gene_biotype=protein_coding;locus_tag=ECB_02700
CP000819.1	2883967	2897416	CP000819.1	2889243	2889723	ID=gene-ECB_02701;Name=xdhC;gbkey=Gene;gene=xdhC;gene_biotype=protein_coding;locus_tag=ECB_02701
CP000819.1	2883967	2897416	CP000819.1	2889762	2891541	ID=gene-ECB_02702;Name=ygeV;gbkey=Gene;gene=ygeV;gene_biotype=protein_coding;locus_tag=ECB_02702
CP000819.1	2883967	2897416	CP000819.1	2892016	2893207	ID=gene-ECB_02703;Name=ygeW;gbkey=Gene;gene=ygeW;gene_biotype=protein_coding;locus_tag=ECB_02703
CP000819.1	2883967	2897416	CP000819.1	2893264	2894461	ID=gene-ECB_02704;Name=ygeX;gbkey=Gene;gene=ygeX;gene_biotype=protein_coding;locus_tag=ECB_02704
CP000819.1	2883967	2897416	CP000819.1	2894518	2895730	ID=gene-ECB_02705;Name=ygeY;gbkey=Gene;gene=ygeY;gene_biotype=protein_coding;locus_tag=ECB_02705
CP000819.1	2883967	2897416	CP000819.1	2895782	2897168	ID=gene-ECB_02706;Name=ygeZ;gbkey=Gene;gene=ygeZ;gene_biotype=protein_coding;locus_tag=ECB_02706
CP000819.1	2883967	2897416	CP000819.1	2897215	2898148	ID=gene-ECB_02707;Name=yqeA;gbkey=Gene;gene=yqeA;gene_biotype=protein_coding;locus_tag=ECB_02707
CP000819.1	2897453	2899222	CP000819.1	2897215	2898148	ID=gene-ECB_02707;Name=yqeA;gbkey=Gene;gene=yqeA;gene_biotype=protein_coding;locus_tag=ECB_02707
CP000819.1	2897453	2899222	CP000819.1	2898368	2899994	ID=gene-ECB_02708;Name=yqeB;gbkey=Gene;gene=yqeB;gene_biotype=protein_coding;locus_tag=ECB_02708
CP000819.1	2899298	2908344	CP000819.1	2900041	2900812	ID=gene-ECB_02709;Name=yqeC;gbkey=Gene;gene=yqeC;gene_biotype=protein_coding;locus_tag=ECB_02709
CP000819.1	2899298	2908344	CP000819.1	2900914	2901493	ID=gene-ECB_02710;Name=ygfJ;gbkey=Gene;gene=ygfJ;gene_biotype=protein_coding;locus_tag=ECB_02710
CP000819.1	2899298	2908344	CP000819.1	2901813	2904912	ID=gene-ECB_02711;Name=ygfK;gbkey=Gene;gene=ygfK;gene_biotype=protein_coding;locus_tag=ECB_02711
CP000819.1	2899298	2908344	CP000819.1	2904914	2906243	ID=gene-ECB_02712;Name=ssnA;gbkey=Gene;gene=ssnA;gene_biotype=protein_coding;locus_tag=ECB_02712
CP000819.1	2899298	2908344	CP000819.1	2906293	2907073	ID=gene-ECB_02713;Name=ygfM;gbkey=Gene;gene=ygfM;gene_biotype=protein_coding;locus_tag=ECB_02713
CP000819.1	2899298	2908344	CP000819.1	2907069	2909940	ID=gene-ECB_02714;Name=xdhD;gbkey=Gene;gene=xdhD;gene_biotype=protein_coding;locus_tag=ECB_02714
CP000819.1	2899298	2908344	CP000819.1	2898368	2899994	ID=gene-ECB_02708;Name=yqeB;gbkey=Gene;gene=yqeB;gene_biotype=protein_coding;locus_tag=ECB_02708
CP000819.1	2908406	2910190	CP000819.1	2907069	2909940	ID=gene-ECB_02714;Name=xdhD;gbkey=Gene;gene=xdhD;gene_biotype=protein_coding;locus_tag=ECB_02714
CP000819.1	2908406	2910190	CP000819.1	2910104	2911505	ID=gene-ECB_02715;Name=ygfO;gbkey=Gene;gene=ygfO;gene_biotype=protein_coding;locus_tag=ECB_02715
CP000819.1	3015775	3023945	CP000819.1	3016265	3017006	ID=gene-ECB_02817;Name=ECB_02817;gbkey=Gene;gene_biotype=protein_coding;locus_tag=ECB_02817
CP000819.1	3015775	3023945	CP000819.1	3017002	3019030	ID=gene-ECB_02818;Name=ECB_02818;gbkey=Gene;gene_biotype=protein_coding;locus_tag=ECB_02818
CP000819.1	3015775	3023945	CP000819.1	3019064	3020297	ID=gene-ECB_02819;Name=ECB_02819;gbkey=Gene;gene_biotype=protein_coding;locus_tag=ECB_02819
CP000819.1	3015775	3023945	CP000819.1	3020550	3021483	ID=gene-ECB_02820;Name=ECB_02820;gbkey=Gene;gene_biotype=protein_coding;locus_tag=ECB_02820
CP000819.1	3015775	3023945	CP000819.1	3021544	3022684	ID=gene-ECB_02821;Name=ECB_02821;gbkey=Gene;gene_biotype=protein_coding;locus_tag=ECB_02821
CP000819.1	3015775	3023945	CP000819.1	3023257	3023722	ID=gene-ECB_02822;Name=ECB_02822;gbkey=Gene;gene_biotype=protein_coding;locus_tag=ECB_02822
CP000819.1	3015775	3023945	CP000819.1	3014579	3016256	ID=gene-ECB_02816;Name=ECB_02816;gbkey=Gene;gene_biotype=protein_coding;locus_tag=ECB_02816
CP000819.1	3024714	3035120	CP000819.1	3024685	3025408	ID=gene-ECB_02825;Name=ECB_02825;gbkey=Gene;gene_biotype=protein_coding;locus_tag=ECB_02825
CP000819.1	3024714	3035120	CP000819.1	3025425	3026802	ID=gene-ECB_02826;Name=ECB_02826;gbkey=Gene;gene_biotype=protein_coding;locus_tag=ECB_02826
CP000819.1	3024714	3035120	CP000819.1	3027010	3027670	ID=gene-ECB_02827;Name=ECB_02827;gbkey=Gene;gene_biotype=protein_coding;locus_tag=ECB_02827
CP000819.1	3024714	3035120	CP000819.1	3027684	3028461	ID=gene-ECB_02828;Name=ECB_02828;gbkey=Gene;gene_biotype=protein_coding;locus_tag=ECB_02828
CP000819.1	3024714	3035120	CP000819.1	3029521	3030058	ID=gene-ECB_02829;Name=yghD;gbkey=Gene;gene=yghD;gene_biotype=protein_coding;locus_tag=ECB_02829
CP000819.1	3024714	3035120	CP000819.1	3031234	3032170	ID=gene-ECB_02831;Name=ECB_02831;gbkey=Gene;gene_biotype=protein_coding;locus_tag=ECB_02831
CP000819.1	3024714	3035120	CP000819.1	3032208	3032772	ID=gene-ECB_02832;Name=ECB_02832;gbkey=Gene;gene_biotype=protein_coding;locus_tag=ECB_02832
CP000819.1	3024714	3035120	CP000819.1	3032810	3033182	ID=gene-ECB_02833;Name=ECB_02833;gbkey=Gene;gene_biotype=protein_coding;locus_tag=ECB_02833
CP000819.1	3024714	3035120	CP000819.1	3033178	3033742	ID=gene-ECB_02834;Name=ECB_02834;gbkey=Gene;gene_biotype=protein_coding;locus_tag=ECB_02834
CP000819.1	3024714	3035120	CP000819.1	3033745	3034201	ID=gene-ECB_02835;Name=ECB_02835;gbkey=Gene;gene_biotype=protein_coding;locus_tag=ECB_02835
CP000819.1	3024714	3035120	CP000819.1	3034217	3035441	ID=gene-ECB_02836;Name=ECB_02836;gbkey=Gene;gene_biotype=protein_coding;locus_tag=ECB_02836
CP000819.1	3192748	3198581	CP000819.1	3192754	3193144	ID=gene-ECB_02980;Name=tdcF;gbkey=Gene;gene=tdcF;gene_biotype=protein_coding;locus_tag=ECB_02980
CP000819.1	3192748	3198581	CP000819.1	3195485	3196706	ID=gene-ECB_02982;Name=tdcD;gbkey=Gene;gene=tdcD;gene_biotype=protein_coding;locus_tag=ECB_02982
CP000819.1	3192748	3198581	CP000819.1	3196719	3198051	ID=gene-ECB_02983;Name=tdcC;gbkey=Gene;gene=tdcC;gene_biotype=protein_coding;locus_tag=ECB_02983
CP000819.1	3192748	3198581	CP000819.1	3198072	3199062	ID=gene-ECB_02984;Name=tdcB;gbkey=Gene;gene=tdcB;gene_biotype=protein_coding;locus_tag=ECB_02984
CP000819.1	3192748	3198581	CP000819.1	3193157	3195452	ID=gene-ECB_02981;Name=tdcE;gbkey=Gene;gene=tdcE;gene_biotype=protein_coding;locus_tag=ECB_02981
CP000819.1	3551292	3551344	CP000819.1	3549879	3554115	ID=gene-ECB_03331;Name=rhsB;gbkey=Gene;gene=rhsB;gene_biotype=protein_coding;locus_tag=ECB_03331
CP000819.1	3551390	3551397	CP000819.1	3549879	3554115	ID=gene-ECB_03331;Name=rhsB;gbkey=Gene;gene=rhsB;gene_biotype=protein_coding;locus_tag=ECB_03331
CP000819.1	3552264	3552306	CP000819.1	3549879	3554115	ID=gene-ECB_03331;Name=rhsB;gbkey=Gene;gene=rhsB;gene_biotype=protein_coding;locus_tag=ECB_03331
CP000819.1	3552378	3552455	CP000819.1	3549879	3554115	ID=gene-ECB_03331;Name=rhsB;gbkey=Gene;gene=rhsB;gene_biotype=protein_coding;locus_tag=ECB_03331
CP000819.1	3552519	3552538	CP000819.1	3549879	3554115	ID=gene-ECB_03331;Name=rhsB;gbkey=Gene;gene=rhsB;gene_biotype=protein_coding;locus_tag=ECB_03331
CP000819.1	3895000	3901452	CP000819.1	3895157	3895577	ID=gene-ECB_03634;Name=rbsD;gbkey=Gene;gene=rbsD;gene_biotype=protein_coding;locus_tag=ECB_03634
CP000819.1	3895000	3901452	CP000819.1	3895584	3897090	ID=gene-ECB_03635;Name=rbsA;gbkey=Gene;gene=rbsA;gene_biotype=protein_coding;locus_tag=ECB_03635
CP000819.1	3895000	3901452	CP000819.1	3897094	3898060	ID=gene-ECB_03636;Name=rbsC;gbkey=Gene;gene=rbsC;gene_biotype=protein_coding;locus_tag=ECB_03636
CP000819.1	3895000	3901452	CP000819.1	3898084	3898975	ID=gene-ECB_03637;Name=rbsB;gbkey=Gene;gene=rbsB;gene_biotype=protein_coding;locus_tag=ECB_03637
CP000819.1	3895000	3901452	CP000819.1	3900033	3901026	ID=gene-ECB_03639;Name=rbsR;gbkey=Gene;gene=rbsR;gene_biotype=protein_coding;locus_tag=ECB_03639
CP000819.1	3895000	3901452	CP000819.1	3900991	3902419	ID=gene-ECB_03640;Name=yieO;gbkey=Gene;gene=yieO;gene_biotype=protein_coding;locus_tag=ECB_03640
CP000819.1	3895000	3901452	CP000819.1	3899100	3900030	ID=gene-ECB_03638;Name=rbsK;gbkey=Gene;gene=rbsK;gene_biotype=protein_coding;locus_tag=ECB_03638
CP000819.1	4017761	4017763	CP000819.1	4015891	4018795	ID=gene-ECB_r00015;Name=rrlA;gbkey=Gene;gene=rrlA;gene_biotype=rRNA;locus_tag=ECB_r00015
CP000819.1	4289283	4304918	CP000819.1	4288269	4289802	ID=gene-ECB_03959;Name=alsA;gbkey=Gene;gene=alsA;gene_biotype=protein_coding;locus_tag=ECB_03959
CP000819.1	4289283	4304918	CP000819.1	4289928	4290864	ID=gene-ECB_03960;Name=alsB;gbkey=Gene;gene=alsB;gene_biotype=protein_coding;locus_tag=ECB_03960
CP000819.1	4289283	4304918	CP000819.1	4290922	4291813	ID=gene-ECB_03961;Name=rpiR;gbkey=Gene;gene=rpiR;gene_biotype=protein_coding;locus_tag=ECB_03961
CP000819.1	4289283	4304918	CP000819.1	4292689	4293019	ID=gene-ECB_03963;Name=yjdP;gbkey=Gene;gene=yjdP;gene_biotype=protein_coding;locus_tag=ECB_03963
CP000819.1	4289283	4304918	CP000819.1	4293165	4293924	ID=gene-ECB_03964;Name=phnP;gbkey=Gene;gene=phnP;gene_biotype=protein_coding;locus_tag=ECB_03964
CP000819.1	4289283	4304918	CP000819.1	4293925	4294360	ID=gene-ECB_03965;Name=phnO;gbkey=Gene;gene=phnO;gene_biotype=protein_coding;locus_tag=ECB_03965
CP000819.1	4289283	4304918	CP000819.1	4294346	4294904	ID=gene-ECB_03966;Name=phnN;gbkey=Gene;gene=phnN;gene_biotype=protein_coding;locus_tag=ECB_03966
CP000819.1	4289283	4304918	CP000819.1	4294903	4296040	ID=gene-ECB_03967;Name=phnM;gbkey=Gene;gene=phnM;gene_biotype=protein_coding;locus_tag=ECB_03967
CP000819.1	4289283	4304918	CP000819.1	4296036	4296717	ID=gene-ECB_03968;Name=phnL;gbkey=Gene;gene=phnL;gene_biotype=protein_coding;locus_tag=ECB_03968
CP000819.1	4289283	4304918	CP000819.1	4296827	4297586	ID=gene-ECB_03969;Name=phnK;gbkey=Gene;gene=phnK;gene_biotype=protein_coding;locus_tag=ECB_03969
CP000819.1	4289283	4304918	CP000819.1	4297582	4298428	ID=gene-ECB_03970;Name=phnJ;gbkey=Gene;gene=phnJ;gene_biotype=protein_coding;locus_tag=ECB_03970
CP000819.1	4289283	4304918	CP000819.1	4298420	4299485	ID=gene-ECB_03971;Name=phnI;gbkey=Gene;gene=phnI;gene_biotype=protein_coding;locus_tag=ECB_03971
CP000819.1	4289283	4304918	CP000819.1	4299484	4300069	ID=gene-ECB_03972;Name=phnH;gbkey=Gene;gene=phnH;gene_biotype=protein_coding;locus_tag=ECB_03972
CP000819.1	4289283	4304918	CP000819.1	4300065	4300518	ID=gene-ECB_03973;Name=phnG;gbkey=Gene;gene=phnG;gene_biotype=protein_coding;locus_tag=ECB_03973
CP000819.1	4289283	4304918	CP000819.1	4300518	4301244	ID=gene-ECB_03974;Name=phnF;gbkey=Gene;gene=phnF;gene_biotype=protein_coding;locus_tag=ECB_03974
CP000819.1	4289283	4304918	CP000819.1	4301264	4302083	ID=gene-ECB_03975;Name=phnE;Note=separate in K-12 MG1655;gbkey=Gene;gene=phnE;gene_biotype=protein_coding;locus_tag=ECB_03975
CP000819.1	4289283	4304918	CP000819.1	4302149	4303166	ID=gene-ECB_03976;Name=phnD;gbkey=Gene;gene=phnD;gene_biotype=protein_coding;locus_tag=ECB_03976
CP000819.1	4289283	4304918	CP000819.1	4303190	4303979	ID=gene-ECB_03977;Name=phnC;gbkey=Gene;gene=phnC;gene_biotype=protein_coding;locus_tag=ECB_03977
CP000819.1	4289283	4304918	CP000819.1	4304111	4304555	ID=gene-ECB_03978;Name=phnB;gbkey=Gene;gene=phnB;gene_biotype=protein_coding;locus_tag=ECB_03978
CP000819.1	4289283	4304918	CP000819.1	4292171	4292621	ID=gene-ECB_03962;Name=rpiB;gbkey=Gene;gene=rpiB;gene_biotype=protein_coding;locus_tag=ECB_03962
CP000819.1	4304956	4333227	CP000819.1	4305112	4305448	ID=gene-ECB_03979;Name=phnA;gbkey=Gene;gene=phnA;gene_biotype=protein_coding;locus_tag=ECB_03979
CP000819.1	4304956	4333227	CP000819.1	4305848	4308077	ID=gene-ECB_03980;Name=yjdA;gbkey=Gene;gene=yjdA;gene_biotype=protein_coding;locus_tag=ECB_03980
CP000819.1	4304956	4333227	CP000819.1	4308073	4308952	ID=gene-ECB_03981;Name=yjcZ;gbkey=Gene;gene=yjcZ;gene_biotype=protein_coding;locus_tag=ECB_03981
CP000819.1	4304956	4333227	CP000819.1	4309215	4310718	ID=gene-ECB_03982;Name=proP;gbkey=Gene;gene=proP;gene_biotype=protein_coding;locus_tag=ECB_03982
CP000819.1	4304956	4333227	CP000819.1	4310894	4311986	ID=gene-ECB_03983;Name=basS;gbkey=Gene;gene=basS;gene_biotype=protein_coding;locus_tag=ECB_03983
CP000819.1	4304956	4333227	CP000819.1	4311995	4312664	ID=gene-ECB_03984;Name=basR;gbkey=Gene;gene=basR;gene_biotype=protein_coding;locus_tag=ECB_03984
CP000819.1	4304956	4333227	CP000819.1	4312660	4314304	ID=gene-ECB_03985;Name=yjdB;gbkey=Gene;gene=yjdB;gene_biotype=protein_coding;locus_tag=ECB_03985
CP000819.1	4304956	4333227	CP000819.1	4314407	4315745	ID=gene-ECB_03986;Name=yjdE;gbkey=Gene;gene=yjdE;gene_biotype=protein_coding;locus_tag=ECB_03986
CP000819.1	4304956	4333227	CP000819.1	4315881	4316643	ID=gene-ECB_03987;Name=adiY;gbkey=Gene;gene=adiY;gene_biotype=protein_coding;locus_tag=ECB_03987
CP000819.1	4304956	4333227	CP000819.1	4316967	4319238	ID=gene-ECB_03988;Name=adiA;gbkey=Gene;gene=adiA;gene_biotype=protein_coding;locus_tag=ECB_03988
CP000819.1	4304956	4333227	CP000819.1	4319433	4320342	ID=gene-ECB_03989;Name=melR;gbkey=Gene;gene=melR;gene_biotype=protein_coding;locus_tag=ECB_03989
CP000819.1	4304956	4333227	CP000819.1	4320624	4321980	ID=gene-ECB_03990;Name=melA;gbkey=Gene;gene=melA;gene_biotype=protein_coding;locus_tag=ECB_03990
CP000819.1	4304956	4333227	CP000819.1	4322094	4323504	ID=gene-ECB_03991;Name=melB;gbkey=Gene;gene=melB;gene_biotype=protein_coding;locus_tag=ECB_03991
CP000819.1	4304956	4333227	CP000819.1	4323642	4324272	ID=gene-ECB_03992;Name=yjdF;gbkey=Gene;gene=yjdF;gene_biotype=protein_coding;locus_tag=ECB_03992
CP000819.1	4304956	4333227	CP000819.1	4326118	4327459	ID=gene-ECB_03994;Name=dcuB;gbkey=Gene;gene=dcuB;gene_biotype=protein_coding;locus_tag=ECB_03994
CP000819.1	4304956	4333227	CP000819.1	4328029	4328749	ID=gene-ECB_03995;Name=dcuR;gbkey=Gene;gene=dcuR;gene_biotype=protein_coding;locus_tag=ECB_03995
CP000819.1	4304956	4333227	CP000819.1	4330562	4330793	ID=gene-ECB_03997;Name=yjdI;gbkey=Gene;gene=yjdI;gene_biotype=protein_coding;locus_tag=ECB_03997
CP000819.1	4304956	4333227	CP000819.1	4330804	4331077	ID=gene-ECB_03998;Name=yjdJ;gbkey=Gene;gene=yjdJ;gene_biotype=protein_coding;locus_tag=ECB_03998
CP000819.1	4304956	4333227	CP000819.1	4331303	4331600	ID=gene-ECB_03999;Name=yjdK;gbkey=Gene;gene=yjdK;gene_biotype=protein_coding;locus_tag=ECB_03999
CP000819.1	4304956	4333227	CP000819.1	4331919	4333437	ID=gene-ECB_04000;Name=lysU;gbkey=Gene;gene=lysU;gene_biotype=protein_coding;locus_tag=ECB_04000
CP000819.1	4304956	4333227	CP000819.1	4324394	4326041	ID=gene-ECB_03993;Name=fumB;gbkey=Gene;gene=fumB;gene_biotype=protein_coding;locus_tag=ECB_03993
CP000819.1	4446816	4448792	CP000819.1	4446330	4447986	ID=gene-ECB_04107;Name=treC;gbkey=Gene;gene=treC;gene_biotype=protein_coding;locus_tag=ECB_04107
CP000819.1	4446816	4448792	CP000819.1	4448035	4449457	ID=gene-ECB_04108;Name=treB;gbkey=Gene;gene=treB;gene_biotype=protein_coding;locus_tag=ECB_04108
CP000819.1	4522345	4546463	CP000819.1	4522950	4523547	ID=gene-ECB_04182;Name=fimE;gbkey=Gene;gene=fimE;gene_biotype=protein_coding;locus_tag=ECB_04182
CP000819.1	4522345	4546463	CP000819.1	4524028	4524577	ID=gene-ECB_04183;Name=fimA;gbkey=Gene;gene=fimA;gene_biotype=protein_coding;locus_tag=ECB_04183
CP000819.1	4522345	4546463	CP000819.1	4524641	4525181	ID=gene-ECB_04184;Name=fimI;gbkey=Gene;gene=fimI;gene_biotype=protein_coding;locus_tag=ECB_04184
CP000819.1	4522345	4546463	CP000819.1	4525217	4525943	ID=gene-ECB_04185;Name=fimC;gbkey=Gene;gene=fimC;gene_biotype=protein_coding;locus_tag=ECB_04185
CP000819.1	4522345	4546463	CP000819.1	4526009	4528646	ID=gene-ECB_04186;Name=fimD;gbkey=Gene;gene=fimD;gene_biotype=protein_coding;locus_tag=ECB_04186
CP000819.1	4522345	4546463	CP000819.1	4528655	4529186	ID=gene-ECB_04187;Name=fimF;gbkey=Gene;gene=fimF;gene_biotype=protein_coding;locus_tag=ECB_04187
CP000819.1	4522345	4546463	CP000819.1	4529198	4529702	ID=gene-ECB_04188;Name=fimG;gbkey=Gene;gene=fimG;gene_biotype=protein_coding;locus_tag=ECB_04188
CP000819.1	4522345	4546463	CP000819.1	4529721	4530624	ID=gene-ECB_04189;Name=fimH;gbkey=Gene;gene=fimH;gene_biotype=protein_coding;locus_tag=ECB_04189
CP000819.1	4522345	4546463	CP000819.1	4530866	4532210	ID=gene-ECB_04190;Name=gntP;gbkey=Gene;gene=gntP;gene_biotype=protein_coding;locus_tag=ECB_04190
CP000819.1	4522345	4546463	CP000819.1	4532549	4533734	ID=gene-ECB_04191;Name=uxuA;gbkey=Gene;gene=uxuA;gene_biotype=protein_coding;locus_tag=ECB_04191
CP000819.1	4522345	4546463	CP000819.1	4533814	4535275	ID=gene-ECB_04192;Name=uxuB;gbkey=Gene;gene=uxuB;gene_biotype=protein_coding;locus_tag=ECB_04192
CP000819.1	4522345	4546463	CP000819.1	4535489	4536263	ID=gene-ECB_04193;Name=uxuR;gbkey=Gene;gene=uxuR;gene_biotype=protein_coding;locus_tag=ECB_04193
CP000819.1	4522345	4546463	CP000819.1	4536403	4537234	ID=gene-ECB_04194;Name=yjiC;gbkey=Gene;gene=yjiC;gene_biotype=protein_coding;locus_tag=ECB_04194
CP000819.1	4522345	4546463	CP000819.1	4537906	4538299	ID=gene-ECB_04195;Name=yjiD;gbkey=Gene;gene=yjiD;gene_biotype=protein_coding;locus_tag=ECB_04195
CP000819.1	4522345	4546463	CP000819.1	4539267	4540440	ID=gene-ECB_04197;Name=iadA;gbkey=Gene;gene=iadA;gene_biotype=protein_coding;locus_tag=ECB_04197
CP000819.1	4522345	4546463	CP000819.1	4540452	4540914	ID=gene-ECB_04198;Name=yjiG;gbkey=Gene;gene=yjiG;gene_biotype=protein_coding;locus_tag=ECB_04198
CP000819.1	4522345	4546463	CP000819.1	4540910	4541594	ID=gene-ECB_04199;Name=yjiH;gbkey=Gene;gene=yjiH;gene_biotype=protein_coding;locus_tag=ECB_04199
CP000819.1	4522345	4546463	CP000819.1	4541843	4542398	ID=gene-ECB_04200;Name=kptA;gbkey=Gene;gene=kptA;gene_biotype=protein_coding;locus_tag=ECB_04200
CP000819.1	4522345	4546463	CP000819.1	4542410	4543589	ID=gene-ECB_04201;Name=yjiJ;gbkey=Gene;gene=yjiJ;gene_biotype=protein_coding;locus_tag=ECB_04201
CP000819.1	4522345	4546463	CP000819.1	4543656	4544625	ID=gene-ECB_04202;Name=yjiK;gbkey=Gene;gene=yjiK;gene_biotype=protein_coding;locus_tag=ECB_04202
CP000819.1	4522345	4546463	CP000819.1	4544835	4545603	ID=gene-ECB_04203;Name=yjiL;gbkey=Gene;gene=yjiL;gene_biotype=protein_coding;locus_tag=ECB_04203
CP000819.1	4522345	4546463	CP000819.1	4545612	4546764	ID=gene-ECB_04204;Name=yjiM;gbkey=Gene;gene=yjiM;gene_biotype=protein_coding;locus_tag=ECB_04204
CP000819.1	4522345	4546463	CP000819.1	4538291	4539203	ID=gene-ECB_04196;Name=yjiE;gbkey=Gene;gene=yjiE;gene_biotype=protein_coding;locus_tag=ECB_04196
CP000819.1	4546613	4546701	CP000819.1	4545612	4546764	ID=gene-ECB_04204;Name=yjiM;gbkey=Gene;gene=yjiM;gene_biotype=protein_coding;locus_tag=ECB_04204
CP000819.1	4546844	4550681	CP000819.1	4546879	4548160	ID=gene-ECB_04205;Name=yjiN;gbkey=Gene;gene=yjiN;gene_biotype=protein_coding;locus_tag=ECB_04205
CP000819.1	4546844	4550681	CP000819.1	4548200	4549433	ID=gene-ECB_04206;Name=yjiO;gbkey=Gene;gene=yjiO;gene_biotype=protein_coding;locus_tag=ECB_04206
CP000819.1	4546844	4550681	CP000819.1	4549911	4550679	ID=gene-ECB_04207;Name=yjiPQ;Note=separated in K-12 MG1655;gbkey=Gene;gene=yjiPQ;gene_biotype=protein_coding;locus_tag=ECB_04207
CP000819.1	4551446	4561282	CP000819.1	4554856	4555903	ID=gene-ECB_04211;Name=mcrC;gbkey=Gene;gene=mcrC;gene_biotype=protein_coding;locus_tag=ECB_04211
CP000819.1	4551446	4561282	CP000819.1	4555902	4557282	ID=gene-ECB_04212;Name=mcrB;gbkey=Gene;gene=mcrB;gene_biotype=protein_coding;locus_tag=ECB_04212
CP000819.1	4551446	4561282	CP000819.1	4557443	4557785	ID=gene-ECB_04213;Name=yjiW;gbkey=Gene;gene=yjiW;gene_biotype=protein_coding;locus_tag=ECB_04213
CP000819.1	4551446	4561282	CP000819.1	4558012	4559437	ID=gene-ECB_04214;Name=hsdS;gbkey=Gene;gene=hsdS;gene_biotype=protein_coding;locus_tag=ECB_04214
CP000819.1	4551446	4561282	CP000819.1	4559433	4561023	ID=gene-ECB_04215;Name=hsdM;gbkey=Gene;gene=hsdM;gene_biotype=protein_coding;locus_tag=ECB_04215
CP000819.1	4551446	4561282	CP000819.1	4561223	4564736	ID=gene-ECB_04216;Name=hsdR;gbkey=Gene;gene=hsdR;gene_biotype=protein_coding;locus_tag=ECB_04216
CP000819.1	4565814	4587648	CP000819.1	4564923	4565838	ID=gene-ECB_04217;Name=mrr;gbkey=Gene;gene=mrr;gene_biotype=protein_coding;locus_tag=ECB_04217
CP000819.1	4565814	4587648	CP000819.1	4565883	4566840	ID=gene-ECB_04218;Name=yjiA;gbkey=Gene;gene=yjiA;gene_biotype=protein_coding;locus_tag=ECB_04218
CP000819.1	4565814	4587648	CP000819.1	4566850	4567054	ID=gene-ECB_04219;Name=yjiX;gbkey=Gene;gene=yjiX;gene_biotype=protein_coding;locus_tag=ECB_04219
CP000819.1	4565814	4587648	CP000819.1	4567103	4569254	ID=gene-ECB_04220;Name=yjiY;gbkey=Gene;gene=yjiY;gene_biotype=protein_coding;locus_tag=ECB_04220
CP000819.1	4565814	4587648	CP000819.1	4569646	4570159	ID=gene-ECB_04221;Name=hpaC;gbkey=Gene;gene=hpaC;gene_biotype=protein_coding;locus_tag=ECB_04221
CP000819.1	4565814	4587648	CP000819.1	4571989	4572880	ID=gene-ECB_04223;Name=hpaA;gbkey=Gene;gene=hpaA;gene_biotype=protein_coding;locus_tag=ECB_04223
CP000819.1	4565814	4587648	CP000819.1	4572889	4574266	ID=gene-ECB_04224;Name=hpaX;gbkey=Gene;gene=hpaX;gene_biotype=protein_coding;locus_tag=ECB_04224
CP000819.1	4565814	4587648	CP000819.1	4574389	4575178	ID=gene-ECB_04225;Name=hpaI;gbkey=Gene;gene=hpaI;gene_biotype=protein_coding;locus_tag=ECB_04225
CP000819.1	4565814	4587648	CP000819.1	4575188	4575992	ID=gene-ECB_04226;Name=hpaH;gbkey=Gene;gene=hpaH;gene_biotype=protein_coding;locus_tag=ECB_04226
CP000819.1	4565814	4587648	CP000819.1	4576059	4576440	ID=gene-ECB_04227;Name=hpaF;gbkey=Gene;gene=hpaF;gene_biotype=protein_coding;locus_tag=ECB_04227
CP000819.1	4565814	4587648	CP000819.1	4576449	4577301	ID=gene-ECB_04228;Name=hpaD;gbkey=Gene;gene=hpaD;gene_biotype=protein_coding;locus_tag=ECB_04228
CP000819.1	4565814	4587648	CP000819.1	4577302	4578769	ID=gene-ECB_04229;Name=hpaE;gbkey=Gene;gene=hpaE;gene_biotype=protein_coding;locus_tag=ECB_04229
CP000819.1	4565814	4587648	CP000819.1	4578765	4580055	ID=gene-ECB_04230;Name=hpaG;gbkey=Gene;gene=hpaG;gene_biotype=protein_coding;locus_tag=ECB_04230
CP000819.1	4565814	4587648	CP000819.1	4580326	4580773	ID=gene-ECB_04231;Name=hpaR;gbkey=Gene;gene=hpaR;gene_biotype=protein_coding;locus_tag=ECB_04231
CP000819.1	4565814	4587648	CP000819.1	4580891	4582547	ID=gene-ECB_04232;Name=tsr;gbkey=Gene;gene=tsr;gene_biotype=protein_coding;locus_tag=ECB_04232
CP000819.1	4565814	4587648	CP000819.1	4582595	4583957	ID=gene-ECB_04233;Name=yjiZ;gbkey=Gene;gene=yjiZ;gene_biotype=protein_coding;locus_tag=ECB_04233
CP000819.1	4565814	4587648	CP000819.1	4585223	4586246	ID=gene-ECB_04235;Name=yjjN;gbkey=Gene;gene=yjjN;gene_biotype=protein_coding;locus_tag=ECB_04235
CP000819.1	4565814	4587648	CP000819.1	4570176	4571739	ID=gene-ECB_04222;Name=hpaB;gbkey=Gene;gene=hpaB;gene_biotype=protein_coding;locus_tag=ECB_04222
CP000819.1	4565814	4587648	CP000819.1	4586383	4588675	ID=gene-ECB_04236;Name=mdoB;gbkey=Gene;gene=mdoB;gene_biotype=protein_coding;locus_tag=ECB_04236
CP000819.1	4587694	4588153	CP000819.1	4586383	4588675	ID=gene-ECB_04236;Name=mdoB;gbkey=Gene;gene=mdoB;gene_biotype=protein_coding;locus_tag=ECB_04236
