"gene_id","ensembl_gene_id","gene_symbol","gene_type","HT55_baseMean","HT55_log2FC","HT55_pvalue","HT55_padj","HT55_status","SW948_baseMean","SW948_log2FC","SW948_pvalue","SW948_padj","SW948_status","shared_response","joint_padj"
"ENSG00000162344.6","ENSG00000162344","FGF19","protein_coding",107.949502929142,-2.91878447567235,1.83257154560865e-59,3.79394669128008e-56,"Downregulated",107.949502929142,2.51684895975384,3.6233220649982e-31,4.33960193107057e-30,"Upregulated","Discordant_direction",4.33960193107057e-30
"ENSG00000137486.19","ENSG00000137486","ARRB1","protein_coding",434.324466005719,1.25132285690663,6.00639358246092e-20,2.27865591091685e-18,"Upregulated",434.324466005719,-1.40366819666786,9.89712609003605e-24,7.4392713328217e-23,"Downregulated","Discordant_direction",2.27865591091685e-18
"ENSG00000172159.18","ENSG00000172159","FRMD3","protein_coding",186.658632961873,1.09245271881565,5.51372861966112e-18,1.65434689764242e-16,"Upregulated",186.658632961873,-1.77569917606492,7.8217652445235e-56,3.82949398390657e-54,"Downregulated","Discordant_direction",1.65434689764242e-16
"ENSG00000155850.11","ENSG00000155850","SLC26A2","protein_coding",133.38794259951,1.41263270135847,1.66438488515674e-13,3.01880672787127e-12,"Upregulated",133.38794259951,-1.76628482681476,1.09716666821358e-12,3.92830681545203e-12,"Downregulated","Discordant_direction",3.92830681545203e-12
"ENSG00000171219.11","ENSG00000171219","CDC42BPG","protein_coding",229.498967606215,1.11516014330081,2.84892134343353e-12,4.21721839724604e-11,"Upregulated",229.498967606215,-1.18786547376808,5.07485236058998e-14,2.01106809979956e-13,"Downregulated","Discordant_direction",4.21721839724604e-11
"ENSG00000154153.16","ENSG00000154153","RETREG1","protein_coding",220.253603563283,1.26487268509964,4.23488059631377e-12,6.11883246278955e-11,"Upregulated",220.253603563283,-1.36699496819008,3.32761844218089e-13,1.240325269138e-12,"Downregulated","Discordant_direction",6.11883246278955e-11
"ENSG00000070669.19","ENSG00000070669","ASNS","protein_coding",88.3885062813921,-1.10340974092622,2.13847465794216e-09,2.03618756523638e-08,"Downregulated",88.3885062813921,1.25921355999873,1.50157907691592e-16,7.09516921508492e-16,"Upregulated","Discordant_direction",2.03618756523638e-08
"ENSG00000113369.10","ENSG00000113369","ARRDC3","protein_coding",200.514743058956,-1.86340211778428,4.57034740788289e-09,4.12156033821025e-08,"Downregulated",200.514743058956,2.5004410498145,2.45867478710262e-14,9.9472682899752e-14,"Upregulated","Discordant_direction",4.12156033821025e-08
"ENSG00000135083.19","ENSG00000135083","CCNJL","protein_coding",84.0358131104936,1.12716440110173,3.60422349614893e-08,2.74220153957962e-07,"Upregulated",84.0358131104936,-1.22719182833473,1.04137828626243e-09,3.00570685610739e-09,"Downregulated","Discordant_direction",2.74220153957962e-07
"ENSG00000074211.15","ENSG00000074211","PPP2R2C","protein_coding",25.8093150699918,-1.76800158094803,6.85039770342698e-08,4.93419301779641e-07,"Downregulated",25.8093150699918,3.04548637715625,1.94080733378799e-07,4.64434938594047e-07,"Upregulated","Discordant_direction",4.93419301779641e-07
"ENSG00000010704.21","ENSG00000010704","HFE","protein_coding",61.9458096031533,1.47710230994223,1.92015197077983e-07,1.28411824460274e-06,"Upregulated",61.9458096031533,-1.27626744704339,5.02922294619571e-07,1.15468154208283e-06,"Downregulated","Discordant_direction",1.28411824460274e-06
"ENSG00000148803.15","ENSG00000148803","FUOM","protein_coding",54.5720776427042,1.43862784195059,4.27522265893378e-07,2.67515227863853e-06,"Upregulated",54.5720776427042,-1.4269683581376,1.75652110697853e-13,6.67072952891324e-13,"Downregulated","Discordant_direction",2.67515227863853e-06
"ENSG00000106351.15","ENSG00000106351","AGFG2","protein_coding",133.496442037163,1.06812345464904,9.28279236486435e-07,5.4135302596223e-06,"Upregulated",133.496442037163,-1.93299982630362,2.90248224944791e-14,1.17003540358829e-13,"Downregulated","Discordant_direction",5.4135302596223e-06
"ENSG00000206077.15","ENSG00000206077","ZDHHC11B","protein_coding",39.9449169280278,-1.05855263251319,9.69316923892513e-07,5.63019673789591e-06,"Downregulated",39.9449169280278,1.45078278382391,3.90121029887381e-10,1.16234250927794e-09,"Upregulated","Discordant_direction",5.63019673789591e-06
"ENSG00000167105.10","ENSG00000167105","TMEM92","protein_coding",87.9655840120958,1.3739552708338,4.91913028710523e-06,2.47699917028245e-05,"Upregulated",87.9655840120958,-1.0688073508735,1.02109219650711e-14,4.2570966949888e-14,"Downregulated","Discordant_direction",2.47699917028245e-05
"ENSG00000116833.16","ENSG00000116833","NR5A2","protein_coding",36.5892861378172,1.90268142046048,1.38245453489729e-05,6.30810173795074e-05,"Upregulated",36.5892861378172,-1.84151748232876,8.33786316623288e-09,2.23804987970081e-08,"Downregulated","Discordant_direction",6.30810173795074e-05
"ENSG00000198948.14","ENSG00000198948","MFAP3L","protein_coding",181.619743170099,1.46987893136548,3.13834346077117e-19,1.12021855747526e-17,"Upregulated",181.619743170099,-1.16777766747109,4.20397501028489e-05,8.09083743015254e-05,"Downregulated","Discordant_direction",8.09083743015254e-05
"ENSG00000137285.12","ENSG00000137285","TUBB2B","protein_coding",157.558469234934,-1.05720420291959,1.83191852714096e-05,8.12864767156362e-05,"Downregulated",157.558469234934,2.03739721863986,9.17671124242458e-25,7.24340410268066e-24,"Upregulated","Discordant_direction",8.12864767156362e-05
"ENSG00000090382.8","ENSG00000090382","LYZ","protein_coding",965.4477366246,1.50019418191493,1.8475604681112e-05,8.19053114220482e-05,"Upregulated",965.4477366246,-1.51869303181229,1.18654654880604e-54,5.40736873751481e-53,"Downregulated","Discordant_direction",8.19053114220482e-05
"ENSG00000179546.7","ENSG00000179546","HTR1D","protein_coding",57.9119570632481,2.50074646399603,7.20774051289216e-06,3.48763190360044e-05,"Upregulated",57.9119570632481,-1.07780658488442,8.22661122255493e-05,0.000153693502432985,"Downregulated","Discordant_direction",0.000153693502432985
"ENSG00000066735.18","ENSG00000066735","KIF26A","protein_coding",241.739569458498,-1.05943552386782,1.37135629190682e-09,1.34919860029284e-08,"Downregulated",241.739569458498,1.75797714212939,8.75994319491891e-05,0.000163215603986584,"Upregulated","Discordant_direction",0.000163215603986584
"ENSG00000139567.16","ENSG00000139567","ACVRL1","protein_coding",53.9354393474779,1.20281650944862,5.878830437394e-05,0.000232573649681252,"Upregulated",53.9354393474779,-1.47845143087868,1.13207361154897e-07,2.76988194809517e-07,"Downregulated","Discordant_direction",0.000232573649681252
"ENSG00000151136.15","ENSG00000151136","ABTB3","protein_coding",14.0744479545869,-1.35273259544445,7.78194590623665e-05,0.00029874426509452,"Downregulated",14.0744479545869,4.731152894599,2.39749828757838e-05,4.7316553429914e-05,"Upregulated","Discordant_direction",0.00029874426509452
"ENSG00000100060.20","ENSG00000100060","MFNG","protein_coding",29.2139409529804,-1.00732450757445,8.31128960469055e-05,0.000317227822141635,"Downregulated",29.2139409529804,2.04910169813264,9.96601198665418e-13,3.58202990353652e-12,"Upregulated","Discordant_direction",0.000317227822141635
"ENSG00000105519.19","ENSG00000105519","CAPS","protein_coding",80.5197239209317,2.16435223883819,8.15457007759557e-24,4.80390364083394e-22,"Upregulated",80.5197239209317,-1.12275996932223,0.000291430143599896,0.000513296747818387,"Downregulated","Discordant_direction",0.000513296747818387
"ENSG00000171227.9","ENSG00000171227","TMEM37","protein_coding",43.8568716388674,1.90364827259869,1.42051170655116e-10,1.64556799770898e-09,"Upregulated",43.8568716388674,-1.2606223053186,0.000593043123047088,0.00100873015718291,"Downregulated","Discordant_direction",0.00100873015718291
"ENSG00000080823.25","ENSG00000080823","MOK","protein_coding",57.8332683998883,-1.59460042987587,0.000504323503009679,0.00159752048210192,"Downregulated",57.8332683998883,1.0065542211615,5.2973893617658e-11,1.68096708190738e-10,"Upregulated","Discordant_direction",0.00159752048210192
"ENSG00000242515.7","ENSG00000242515","UGT1A10","protein_coding",236.508952484933,1.97625874123462,0.000600364019359748,0.00186745554165303,"Upregulated",236.508952484933,-2.00287412075077,4.9839598855917e-22,3.35007173756934e-21,"Downregulated","Discordant_direction",0.00186745554165303
"ENSG00000157303.13","ENSG00000157303","SUSD3","protein_coding",57.9615613142739,-1.46978040492378,7.49437029244359e-19,2.54352258262512e-17,"Downregulated",57.9615613142739,1.94163466472667,0.00140391278629279,0.00228370233460042,"Upregulated","Discordant_direction",0.00228370233460042
"ENSG00000132329.13","ENSG00000132329","RAMP1","protein_coding",23.8474876060996,3.82279288059113,0.000752748922194075,0.00229853294994449,"Upregulated",23.8474876060996,-2.26033842911355,1.10120464273172e-15,4.89529376762824e-15,"Downregulated","Discordant_direction",0.00229853294994449
"ENSG00000250988.9","ENSG00000250988","SNHG21","lncRNA",17.0886696126852,-1.25131660447062,0.000766197279818687,0.0023329901484821,"Downregulated",17.0886696126852,1.01776319476964,0.00130521050303956,0.00213416570123539,"Upregulated","Discordant_direction",0.0023329901484821
"ENSG00000267751.7","ENSG00000267751","BSG-AS1","lncRNA",22.0322868192312,-1.21254575345274,0.000767986733264707,0.00233669194593158,"Downregulated",22.0322868192312,1.12974908806021,0.000309833523677301,0.000543530737820052,"Upregulated","Discordant_direction",0.00233669194593158
"ENSG00000227014.7","ENSG00000227014","FKBP14-AS1","lncRNA",8.25702630131401,2.028777122498,0.000849972253188116,0.00256460501628194,"Upregulated",8.25702630131401,-2.04960801016625,3.18330142629546e-05,6.18977650206277e-05,"Downregulated","Discordant_direction",0.00256460501628194
"ENSG00000167741.12","ENSG00000167741","GGT6","protein_coding",309.084681561361,1.0571914108951,0.000923621974292852,0.00276266865871043,"Upregulated",309.084681561361,-1.50135944231709,6.92562467437433e-06,1.44370185243143e-05,"Downregulated","Discordant_direction",0.00276266865871043
"ENSG00000113303.14","ENSG00000113303","BTNL8","protein_coding",6.70469757712621,1.90135455092441,0.000948144606194731,0.00282494071401604,"Upregulated",6.70469757712621,-3.94876650648647,0.000536927532577802,0.000918021920967143,"Downregulated","Discordant_direction",0.00282494071401604
"ENSG00000031081.13","ENSG00000031081","ARHGAP31","protein_coding",22.4541770838452,1.83418180227453,0.001064885935294,0.00312332057767268,"Upregulated",22.4541770838452,-1.48308789117191,1.49455351348394e-07,3.61828759061297e-07,"Downregulated","Discordant_direction",0.00312332057767268
"ENSG00000169213.9","ENSG00000169213","RAB3B","protein_coding",91.5697878724027,-1.06311601402279,1.36224063061853e-05,6.22566736642185e-05,"Downregulated",91.5697878724027,3.38043912797138,0.00199628553317063,0.00318473909585082,"Upregulated","Discordant_direction",0.00318473909585082
"ENSG00000196358.14","ENSG00000196358","NTNG2","protein_coding",8.95132816331668,-1.63887165130705,0.000583778751457895,0.0018233020832172,"Downregulated",8.95132816331668,3.7444538099467,0.00204223772709996,0.0032541076570789,"Upregulated","Discordant_direction",0.0032541076570789
"ENSG00000181652.20","ENSG00000181652","ATG9B","protein_coding",24.7901246459194,-1.30888525968687,0.00111627077862642,0.0032588630386491,"Downregulated",24.7901246459194,3.46149020867933,1.78868516026029e-11,5.8924222219818e-11,"Upregulated","Discordant_direction",0.0032588630386491
"ENSG00000102038.18","ENSG00000102038","SMARCA1","protein_coding",34.3797339725643,3.58923605078941,0.00112011400286655,0.0032674501065906,"Upregulated",34.3797339725643,-1.02040916297101,6.17188932130169e-07,1.40557017616498e-06,"Downregulated","Discordant_direction",0.0032674501065906
"ENSG00000170523.3","ENSG00000170523","KRT83","protein_coding",272.225602085103,-1.26856528151498,0.001369040113539,0.00390400026080424,"Downregulated",272.225602085103,2.85402544993044,3.13945984925678e-07,7.35603106474199e-07,"Upregulated","Discordant_direction",0.00390400026080424
"ENSG00000287315.1","ENSG00000287315","ENSG00000287315","lncRNA",19.122529621848,1.26584069204901,0.00164998716050678,0.00461436007913243,"Upregulated",19.122529621848,-3.27014622235417,4.30017706962364e-09,1.18250789550258e-08,"Downregulated","Discordant_direction",0.00461436007913243
"ENSG00000006210.8","ENSG00000006210","CX3CL1","protein_coding",105.172236608369,1.62617732164664,4.95811378651653e-10,5.28330772016158e-09,"Upregulated",105.172236608369,-1.00597766045534,0.00313272401504244,0.00488113497752876,"Downregulated","Discordant_direction",0.00488113497752876
"ENSG00000151224.15","ENSG00000151224","MAT1A","protein_coding",10.0590461897474,1.42981020160905,0.00117662905199688,0.00341854615507994,"Upregulated",10.0590461897474,-1.38613603883601,0.00319989267312567,0.00498097149505234,"Downregulated","Discordant_direction",0.00498097149505234
"ENSG00000260604.4","ENSG00000260604","TGILR","lncRNA",8.80375054131085,1.60575244583523,0.0022525240389448,0.00608001087211548,"Upregulated",8.80375054131085,-1.36298464262218,0.00390569982007387,0.00601438760944751,"Downregulated","Discordant_direction",0.00608001087211548
"ENSG00000072163.22","ENSG00000072163","LIMS2","protein_coding",21.2944143497029,-1.48020189179981,0.00231385221899305,0.00623625559933928,"Downregulated",21.2944143497029,3.14158062335512,4.12411116118265e-06,8.76471901273778e-06,"Upregulated","Discordant_direction",0.00623625559933928
"ENSG00000155016.20","ENSG00000155016","CYP2U1","protein_coding",28.3959569433861,1.43743033145639,0.00298829488872652,0.0078255094917645,"Upregulated",28.3959569433861,-1.10978015731221,6.97878589468829e-05,0.00013138031330972,"Downregulated","Discordant_direction",0.0078255094917645
"ENSG00000143507.20","ENSG00000143507","DUSP10","protein_coding",32.0894684245806,-1.17357521615857,0.00324085722014784,0.00840037611060319,"Downregulated",32.0894684245806,2.20533799088073,4.54415020801411e-17,2.22029078943157e-16,"Upregulated","Discordant_direction",0.00840037611060319
"ENSG00000261801.9","ENSG00000261801","LOXL1-AS1","lncRNA",33.9088724985448,-1.08254615643856,1.75665885083691e-05,7.82585307910496e-05,"Downregulated",33.9088724985448,1.61566549814472,0.00599008211656072,0.0090229439722447,"Upregulated","Discordant_direction",0.0090229439722447
"ENSG00000065717.18","ENSG00000065717","TLE2","protein_coding",28.7739601464493,-1.51982797169234,0.0041176808888805,0.0103563747729358,"Downregulated",28.7739601464493,2.41142299808936,2.78437157206316e-17,1.38520812984344e-16,"Upregulated","Discordant_direction",0.0103563747729358
"ENSG00000151651.18","ENSG00000151651","ADAM8","protein_coding",15.1113353971671,-1.48613916097797,0.0043728451368467,0.010914790169339,"Downregulated",15.1113353971671,2.83685963811064,4.12325370061693e-16,1.88916195476891e-15,"Upregulated","Discordant_direction",0.010914790169339
"ENSG00000187595.20","ENSG00000187595","ZNF385C","protein_coding",10.037660328428,-1.53358201933628,0.000254400748293394,0.000872403133996184,"Downregulated",10.037660328428,1.48398569962855,0.00924801705620982,0.0135966585349085,"Upregulated","Discordant_direction",0.0135966585349085
"ENSG00000302309.1","ENSG00000302309","ENSG00000302309","lncRNA",13.5992147167921,1.13571370159798,0.00665975542560369,0.0157469694285933,"Upregulated",13.5992147167921,-1.59327815627469,0.000659617039871195,0.00111698646200203,"Downregulated","Discordant_direction",0.0157469694285933
"ENSG00000233017.4","ENSG00000233017","ENSG00000233017","lncRNA",5.68171158034709,-3.4489109495021,6.96310015220944e-07,4.19406680822191e-06,"Downregulated",5.68171158034709,2.48675154512123,0.0115877720063779,0.01681822653144,"Upregulated","Discordant_direction",0.01681822653144
"ENSG00000181856.17","ENSG00000181856","SLC2A4","protein_coding",9.95044450961421,-1.63317571209605,0.00913992856758508,0.0207969610302156,"Downregulated",9.95044450961421,1.24794428394395,0.00180955533055523,0.00290249871061498,"Upregulated","Discordant_direction",0.0207969610302156
"ENSG00000165512.7","ENSG00000165512","ZNF22","protein_coding",75.5432333867857,-1.58926228473483,1.04631697006841e-21,4.92312517215303e-20,"Downregulated",75.5432333867857,1.57726962907676,0.0192244472682008,0.0271091456466639,"Upregulated","Discordant_direction",0.0271091456466639
"ENSG00000109790.20","ENSG00000109790","KLHL5","protein_coding",30.7843633684634,2.77796342198782,0.0157351287309796,0.0335384362699477,"Upregulated",30.7843633684634,-1.998948982379,4.28030379420661e-19,2.39776430559112e-18,"Downregulated","Discordant_direction",0.0335384362699477
"ENSG00000197249.16","ENSG00000197249","SERPINA1","protein_coding",653.511126173827,3.47595496157383,4.70002608972934e-08,3.48916447840761e-07,"Upregulated",653.511126173827,-1.88132573947534,0.0249212182554627,0.0346003348302515,"Downregulated","Discordant_direction",0.0346003348302515
"ENSG00000136155.19","ENSG00000136155","SCEL","protein_coding",32.6422455261743,2.77687272826724,0.0166014770922041,0.0351480797692069,"Upregulated",32.6422455261743,-1.27342830506708,3.39675629292518e-07,7.93836352154034e-07,"Downregulated","Discordant_direction",0.0351480797692069
"ENSG00000259439.4","ENSG00000259439","LINC01833","lncRNA",9.20657698136598,1.0579777978216,0.0200130484334773,0.0413323497075606,"Upregulated",9.20657698136598,-1.0145782505092,0.017998656172407,0.0254648565118151,"Downregulated","Discordant_direction",0.0413323497075606
"ENSG00000184613.13","ENSG00000184613","NELL2","protein_coding",433.600987091161,1.39624614334549,3.45003507448253e-23,1.90106115206847e-21,"Upregulated",433.600987091161,-1.4631889289587,0.0302215364378304,0.04151772737293,"Downregulated","Discordant_direction",0.04151772737293
"ENSG00000023171.22","ENSG00000023171","GRAMD1B","protein_coding",42.2156078506873,1.19856961141748,0.0201497987921712,0.0415792231377111,"Upregulated",42.2156078506873,-1.80402431596922,4.28688243490156e-07,9.92103165867029e-07,"Downregulated","Discordant_direction",0.0415792231377111
"ENSG00000255468.8","ENSG00000255468","B4GAT1-DT","lncRNA",19.7963981646117,1.4678975223543,0.0203579290093653,0.0419549356091755,"Upregulated",19.7963981646117,-2.51595264061784,2.91019472662878e-11,9.41185940154079e-11,"Downregulated","Discordant_direction",0.0419549356091755
"ENSG00000272851.1","ENSG00000272851","ENSG00000272851","lncRNA",10.0156637811295,1.20763923735975,0.0218529855906032,0.04451884871827,"Upregulated",10.0156637811295,-1.3021584228249,0.0127376008267144,0.0183931159008316,"Downregulated","Discordant_direction",0.04451884871827
"ENSG00000003436.18","ENSG00000003436","TFPI","protein_coding",58.0940351845656,-1.4001723994818,0.0220258483516747,0.0448123816246623,"Downregulated",58.0940351845656,1.89420186899549,2.84921740948266e-27,2.640080479426e-26,"Upregulated","Discordant_direction",0.0448123816246623
"ENSG00000109099.18","ENSG00000109099","PMP22","protein_coding",32.1332805991548,-2.6536253243743,0.0221884768116439,0.0450736481573232,"Downregulated",32.1332805991548,2.57545718247371,2.03382283696545e-21,1.31816460435167e-20,"Upregulated","Discordant_direction",0.0450736481573232
