generation	gene	annotations
5000	acnA	1
5000	aroB	1
5000	aroK	1
5000	cysB	1
5000	cytR	1
5000	dacA	1
5000	dam	1
5000	damX	1
5000	ECB_01989	1
5000	ECB_01990	1
5000	ECB_01991	1
5000	ECB_01992	1
5000	ECB_01993	1
5000	ECB_01994	1
5000	ECB_01995	1
5000	ECB_01996	1
5000	ftsN	1
5000	glpF	1
5000	glpK	1
5000	gph	1
5000	hofQ	1
5000	holA	1
5000	hslU	1
5000	hslV	1
5000	insJ-5	1
5000	insK-5	1
5000	kup	1
5000	kup-insJ-5	1
5000	lipB	1
5000	lpp	1
5000	malP	1
5000	malQ	1
5000	malT	1
5000	menA	1
5000	menG	1
5000	mrdA	1
5000	mrdB	1
5000	nadD	1
5000	ogrK	1
5000	phpB	1
5000	ppa	1
5000	priA	1
5000	pykF	1
5000	rbsA	1
5000	rbsB	1
5000	rbsC	1
5000	rbsD	1
5000	rlpA	1
5000	rpe	1
5000	rtcA	1
5000	rtcB	1
5000	sohB	1
5000	sufD	1
5000	sufE	1
5000	sufS	1
5000	topA	1
5000	trpS	1
5000	ybeA	1
5000	ybeB	1
5000	ybeD	1
5000	ybeF	1
5000	yciK	1
5000	yciN	1
5000	ydhV	1
5000	ydhW	1
5000	ydhY	1
5000	ydhZ	1
5000	yegQ	1
5000	yegZ	1
5000	yhfX	1
5000	yhfY	1
5000	yhfZ	1
5000	yieM	1
5000	yieN	1
5000	yiiU	1
5000	ynhG	1
5000	ytfM	1
5000	ytfN	1
5000	ytfP	1
5000	ytfQ	1
5000	ytfR	1
5000	ytfT	1
5000	yzfA	1
15000	malT	2
15000	rtcA	2
15000	rtcB	2
15000	accC	1
15000	aceA	1
15000	aceK	1
15000	acnA	1
15000	acpS	1
15000	acrE	1
15000	acrF	1
15000	adk	1
15000	aes	1
15000	araJ	1
15000	aroF	1
15000	aroL	1
15000	aroM	1
15000	chiA	1
15000	clpX	1
15000	crl	1
15000	cysB	1
15000	cytR	1
15000	dacA	1
15000	dnaJ	1
15000	dnaK	1
15000	dsdC	1
15000	dsdX	1
15000	eaeH	1
15000	ECB_01989	1
15000	ECB_01990	1
15000	ECB_01991	1
15000	ECB_01992	1
15000	ECB_01993	1
15000	ECB_01994	1
15000	ECB_01995	1
15000	ECB_01996	1
15000	ECB_02199	1
15000	ECB_02200	1
15000	ECB_02200-nuoN	1
15000	ECB_02797	1
15000	ECB_02798	1
15000	ECB_03279	1
15000	elaC	1
15000	elaD	1
15000	envR	1
15000	fadL	1
15000	ffh	1
15000	fis	1
15000	fkpA	1
15000	flu	1
15000	fsr	1
15000	ftsN	1
15000	fusA	1
15000	glk	1
15000	glpD	1
15000	glpE	1
15000	glpF	1
15000	glpG	1
15000	glpK	1
15000	glpR	1
15000	gpt	1
15000	gsk	1
15000	hdfR	1
15000	hdfR-yifE	1
15000	hemH	1
15000	holA	1
15000	hslU	1
15000	hslV	1
15000	htgA	1
15000	htpG	1
15000	hupB	1
15000	iclR	1
15000	ilvE	1
15000	ilvG	1
15000	ilvL	1
15000	ilvM	1
15000	insA-18	1
15000	insA-19	1
15000	insA-3	1
15000	insA-5	1
15000	insB-18	1
15000	insB-19	1
15000	insB-3	1
15000	insB-5	1
15000	insL-2	1
15000	kefB	1
15000	lipB	1
15000	lon	1
15000	lon-hupB	1
15000	lplA	1
15000	lpp	1
15000	malP	1
15000	malQ	1
15000	menA	1
15000	menG	1
15000	metH	1
15000	mntH	1
15000	mntH-nupC	1
15000	mogA	1
15000	mrdA	1
15000	mrdB	1
15000	nadD	1
15000	nadR	1
15000	nuoL	1
15000	nuoM	1
15000	nuoN	1
15000	nupC	1
15000	ogrK	1
15000	panF	1
15000	pdxJ	1
15000	pepD	1
15000	phoE	1
15000	phpB	1
15000	ppa	1
15000	ppiD	1
15000	prfH	1
15000	priA	1
15000	prmA	1
15000	proA	1
15000	proB	1
15000	proC	1
15000	purL	1
15000	pykF	1
15000	rbsA	1
15000	rbsB	1
15000	rbsC	1
15000	rbsK	1
15000	rbsR	1
15000	rdgC	1
15000	recO	1
15000	rimM	1
15000	rlpA	1
15000	rplS	1
15000	rpsG	1
15000	rpsL	1
15000	rpsP	1
15000	rtcR	1
15000	sbcC	1
15000	serB	1
15000	slt	1
15000	slyD	1
15000	slyX	1
15000	smp	1
15000	sms	1
15000	sohB	1
15000	speC	1
15000	sufD	1
15000	sufE	1
15000	sufS	1
15000	tadA	1
15000	talB	1
15000	thrC	1
15000	topA	1
15000	trmD	1
15000	trpR	1
15000	tufA	1
15000	tyrA	1
15000	ushA	1
15000	vacJ	1
15000	yaaA	1
15000	yaaH	1
15000	yaaI	1
15000	yaaJ	1
15000	yaaW	1
15000	yaaX	1
15000	yafA	1
15000	yagP	1
15000	yagQ	1
15000	yagW	1
15000	yagX	1
15000	yagY	1
15000	yagZ	1
15000	yaiA	1
15000	yaiC	1
15000	yaiE	1
15000	yaiI	1
15000	yajF	1
15000	ybaE	1
15000	ybaK	1
15000	ybaL	1
15000	ybaV	1
15000	ybaW	1
15000	ybaX	1
15000	ybeA	1
15000	ybeB	1
15000	ybeD	1
15000	ybeF	1
15000	yciK	1
15000	yciN	1
15000	ydhV	1
15000	ydhW	1
15000	ydhY	1
15000	ydhZ	1
15000	yeeP-flu	1
15000	yeeR	1
15000	yegQ	1
15000	yegZ	1
15000	yfbM	1
15000	yfcX	1
15000	yfcY	1
15000	yfcZ	1
15000	yfdC	1
15000	yfdF	1
15000	yfeA	1
15000	yfeC	1
15000	yfeD	1
15000	yfeO	1
15000	yfhB	1
15000	yfhD	1
15000	yfhH	1
15000	yfhL	1
15000	yfiB	1
15000	yfiL	1
15000	yfiN	1
15000	yfiR	1
15000	yfjD	1
15000	yhdG	1
15000	yhdJ	1
15000	yhdT	1
15000	yhdU	1
15000	yheL	1
15000	yheM	1
15000	yheN	1
15000	yheO	1
15000	yieO	1
15000	yieP	1
15000	yifB	1
15000	yifE	1
15000	yiiU	1
15000	yjbB	1
15000	yjjK	1
15000	yjjX	1
15000	ykgK	1
15000	ykgK-ykgL	1
15000	ykgL	1
15000	ykgM	1
15000	ykiA	1
15000	ynhG	1
15000	ypdG	1
15000	ypdH	1
15000	ypeC	1
15000	ypjD	1
15000	yqgA	1
15000	ytfM	1
15000	ytfN	1
15000	ytfP	1
15000	ytfQ	1
15000	ytfR	1
15000	ytfT	1
15000	yzfA	1
50000	nikD	13
50000	nikE	13
50000	nikR	13
50000	rhsB	13
50000	yhhH	13
50000	yhhI	10
50000	deoA	8
50000	nikA	8
50000	nikB	8
50000	ycdW	8
50000	ygcS	8
50000	citD	7
50000	citE	7
50000	citF	7
50000	csgA	7
50000	csgB	7
50000	csgC	7
50000	csgD	7
50000	csgG	7
50000	deoC	7
50000	dinG	7
50000	eutH	7
50000	flgJ	7
50000	flgK	7
50000	holB	7
50000	insE-1	7
50000	insF-1	7
50000	kdpB	7
50000	nikC	7
50000	osmY	7
50000	prfC	7
50000	pstC	7
50000	pstS	7
50000	tmk	7
50000	ycdX	7
50000	ycdY	7
50000	ycdZ	7
50000	yeiB	7
50000	yeiG	7
50000	yghO	7
50000	yhhJ	7
50000	yhiH	7
50000	yjjI	7
50000	yjjU	7
50000	yjjV	7
50000	yjjW	7
50000	ymdA	7
50000	ytjA	7
50000	aroF	6
50000	aroG	6
50000	asnA	6
50000	asnC	6
50000	atpD	6
50000	bglF	6
50000	bglG	6
50000	cirA	6
50000	citA	6
50000	citC	6
50000	csgE	6
50000	csgF	6
50000	eamA	6
50000	eutG	6
50000	fabF	6
50000	flgE	6
50000	flgF	6
50000	flgG	6
50000	flgH	6
50000	flgI	6
50000	folE	6
50000	galK	6
50000	galM	6
50000	galS	6
50000	glcB	6
50000	glcC	6
50000	glcD	6
50000	glcG	6
50000	glmS	6
50000	gltB	6
50000	gpmA	6
50000	insA-9	6
50000	insB-9	6
50000	kefB	6
50000	kup	6
50000	malP	6
50000	malT	6
50000	marA	6
50000	marB	6
50000	nei	6
50000	nemA	6
50000	pabC	6
50000	pheA	6
50000	phoU	6
50000	pstA	6
50000	pstB	6
50000	rbsB	6
50000	rtcA	6
50000	rtcB	6
50000	tolC	6
50000	topA	6
50000	yceG	6
50000	ycfH	6
50000	yciK	6
50000	ydeH	6
50000	ydeI	6
50000	ydhL	6
50000	ydhM	6
50000	yfiL	6
50000	yfiN	6
50000	yfiR	6
50000	ygcR	6
50000	ygcU	6
50000	ygiA	6
50000	ygiB	6
50000	ygiC	6
50000	ygiD	6
50000	yieM	6
50000	yieN	6
50000	ymdB	6
50000	ymdC	6
50000	ytfN	6
50000	aat	5
50000	abrB	5
50000	acnA	5
50000	acpP	5
50000	arcB	5
50000	aspC	5
50000	atpA	5
50000	atpC	5
50000	atpG	5
50000	bglB	5
50000	btuR	5
50000	cca	5
50000	citB	5
50000	citX	5
50000	clpA	5
50000	clpX	5
50000	cpdA	5
50000	cpsB	5
50000	cpsG	5
50000	crcA	5
50000	cspC	5
50000	cspD	5
50000	cydC	5
50000	cydD	5
50000	cysB	5
50000	cysH	5
50000	dacB	5
50000	dacD	5
50000	dcp	5
50000	dcuC	5
50000	dsdC	5
50000	ECB_01342	5
50000	ECB_01343	5
50000	ECB_01344	5
50000	ECB_01797	5
50000	ECB_02851	5
50000	eutI	5
50000	eutP	5
50000	eutQ	5
50000	eutT	5
50000	fhuE	5
50000	flgA	5
50000	flgB	5
50000	flgC	5
50000	flgD	5
50000	gcvH	5
50000	gcvP	5
50000	gcvT	5
50000	gidA	5
50000	glcE	5
50000	glcF	5
50000	glmU	5
50000	glnE	5
50000	gloA	5
50000	gloB	5
50000	gltA	5
50000	glvBC	5
50000	glvG	5
50000	gmd	5
50000	hcaD	5
50000	hflC	5
50000	hflK	5
50000	hflX	5
50000	htpX	5
50000	infA	5
50000	insA-18	5
50000	insB-18	5
50000	insL-2	5
50000	ispB	5
50000	kdpA	5
50000	kdpC	5
50000	kdpD	5
50000	kdpE	5
50000	kdpF	5
50000	lhr	5
50000	lon	5
50000	lysC	5
50000	lysP	5
50000	macB	5
50000	manX	5
50000	marR	5
50000	mglB	5
50000	mioC	5
50000	nadA	5
50000	ompN	5
50000	pdxH	5
50000	pgi	5
50000	pheL	5
50000	pinR	5
50000	pnuC	5
50000	proC	5
50000	ptsG	5
50000	purL	5
50000	pykF	5
50000	pyrD	5
50000	rbsK	5
50000	rbsR	5
50000	rhlE	5
50000	rna	5
50000	rnhA	5
50000	rplU	5
50000	rpmA	5
50000	rrmA	5
50000	rtcR	5
50000	slyD	5
50000	sohB	5
50000	sufD	5
50000	sufS	5
50000	tyrA	5
50000	vacJ	5
50000	visC	5
50000	wcaG	5
50000	wcaH	5
50000	wcaI	5
50000	wcaJ	5
50000	wcaK	5
50000	wzxC	5
50000	yaaA	5
50000	yafS	5
50000	yaiC	5
50000	yaiI	5
50000	ybdR	5
50000	ybfA	5
50000	ybgD	5
50000	ybgK	5
50000	ybgL	5
50000	ybgQ	5
50000	ybgR	5
50000	ybgS	5
50000	ybhF	5
50000	ybhG	5
50000	ybhQ	5
50000	ybhR	5
50000	ybhS	5
50000	ybiA	5
50000	ybiB	5
50000	ybiC	5
50000	ybiI	5
50000	ybiJ	5
50000	ybiL	5
50000	ybiX	5
50000	ycbB	5
50000	ycbF	5
50000	ycbS	5
50000	ycbW	5
50000	yccC	5
50000	yccY	5
50000	yccZ	5
50000	yciL	5
50000	yciN	5
50000	ydbK	5
50000	ydeE	5
50000	ydeJ	5
50000	ydhA	5
50000	ydhK	5
50000	ydhY	5
50000	ydhZ	5
50000	ydiJ	5
50000	ydiK	5
50000	yebN	5
50000	yebO	5
50000	yebQ	5
50000	yeiE	5
50000	yfaL	5
50000	yfdC	5
50000	yfhK	5
50000	yfiA	5
50000	ygcE	5
50000	ygcQ	5
50000	ygcW	5
50000	yghJ	5
50000	ygiE	5
50000	ygiF	5
50000	ygiM	5
50000	ygiQ	5
50000	yhbE	5
50000	yidJ	5
50000	yidK	5
50000	yieC	5
50000	yieO	5
50000	yieP	5
50000	yjbB	5
50000	yjbH	5
50000	ymcA	5
50000	ymcB	5
50000	ynaE	5
50000	ynaF	5
50000	yobF	5
50000	yobG	5
50000	ypfE	5
50000	yphA	5
50000	yphB	5
50000	yphC	5
50000	yphE	5
50000	yphF	5
50000	yphG	5
50000	yqcE	5
50000	yqiG	5
50000	yqjH	5
50000	yqjI	5
50000	ytfM	5
50000	acrB	4
50000	acrE	4
50000	acrF	4
50000	aer	4
50000	ahpF	4
50000	amtB	4
50000	appA	4
50000	aroL	4
50000	aroM	4
50000	artI	4
50000	artJ	4
50000	artM	4
50000	artQ	4
50000	aslA	4
50000	aspA	4
50000	atoA	4
50000	atoB	4
50000	atoD	4
50000	atoE	4
50000	atpF	4
50000	atpH	4
50000	atpI	4
50000	cchA	4
50000	cchB	4
50000	cfa	4
50000	cheA	4
50000	cheW	4
50000	citG	4
50000	clpB	4
50000	clpS	4
50000	cmk	4
50000	cspH	4
50000	cysD	4
50000	cysI	4
50000	cysJ	4
50000	cysN	4
50000	dcuA	4
50000	ddlA	4
50000	dkgA	4
50000	dkgB	4
50000	dnaK	4
50000	dnaQ	4
50000	ebgR	4
50000	ECB_00650	4
50000	ECB_00817	4
50000	ECB_00818	4
50000	ECB_00828	4
50000	ECB_00829	4
50000	ECB_00830	4
50000	ECB_00831	4
50000	ECB_00832	4
50000	ECB_01341	4
50000	ECB_01487	4
50000	ECB_01488	4
50000	ECB_01906	4
50000	ECB_01907	4
50000	ECB_01908	4
50000	ECB_02621	4
50000	ECB_02649	4
50000	ECB_02852	4
50000	emrA	4
50000	emrD	4
50000	emrR	4
50000	envR	4
50000	eutA	4
50000	eutE	4
50000	eutJ	4
50000	fabG	4
50000	fadL	4
50000	fbaB	4
50000	ffh	4
50000	fhlA	4
50000	fhuA	4
50000	fhuB	4
50000	flgL	4
50000	flgM	4
50000	flhC	4
50000	flhD	4
50000	fusA	4
50000	galE	4
50000	galT	4
50000	gatY	4
50000	gdhA	4
50000	glpG	4
50000	glpR	4
50000	gltD	4
50000	greA	4
50000	gutQ	4
50000	gyrA	4
50000	hemX	4
50000	hemY	4
50000	hflB	4
50000	hfq	4
50000	hha	4
50000	himD	4
50000	hupB	4
50000	hypE	4
50000	iap	4
50000	insA-19	4
50000	insB-19	4
50000	insJ-5	4
50000	insK-5	4
50000	insL-5	4
50000	iscA	4
50000	iscS	4
50000	iscU	4
50000	kdgR	4
50000	leuB	4
50000	leuC	4
50000	lpp	4
50000	maa	4
50000	maeB	4
50000	malQ	4
50000	manY	4
50000	manZ	4
50000	marC	4
50000	metC	4
50000	mfd	4
50000	mglA	4
50000	miaA	4
50000	motA	4
50000	msrA	4
50000	mtgA	4
50000	mukB	4
50000	murA	4
50000	mutL	4
50000	mutS	4
50000	nfo	4
50000	nlp	4
50000	nlpI	4
50000	norV	4
50000	nrdA	4
50000	nudG	4
50000	nupC	4
50000	ompF	4
50000	otsA	4
50000	parE	4
50000	pepE	4
50000	pepP	4
50000	phoA	4
50000	phrB	4
50000	pnp	4
50000	ppiD	4
50000	pppA	4
50000	proW	4
50000	proX	4
50000	purA	4
50000	rbsA	4
50000	rhsC	4
50000	rhsD	4
50000	ribB	4
50000	rimM	4
50000	rluD	4
50000	rnk	4
50000	rnr	4
50000	rnt	4
50000	rplS	4
50000	rpsA	4
50000	rpsP	4
50000	rrmJ	4
50000	sbcB	4
50000	sbmC	4
50000	sdhA	4
50000	sdhC	4
50000	sdhD	4
50000	slyA	4
50000	slyB	4
50000	sodB	4
50000	sotB	4
50000	speF	4
50000	srlE	4
50000	srlR	4
50000	sseA	4
50000	ssuE	4
50000	sufE	4
50000	tadA	4
50000	tap	4
50000	tar	4
50000	tesA	4
50000	tesB	4
50000	thrC	4
50000	tldD	4
50000	topB	4
50000	trmD	4
50000	ttdA	4
50000	ttdB	4
50000	ubiG	4
50000	ubiH	4
50000	uppP	4
50000	yaaI	4
50000	yaaJ	4
50000	yaaX	4
50000	yafC	4
50000	yafT	4
50000	yaiA	4
50000	yaiB	4
50000	yaiE	4
50000	yaiW	4
50000	ybaA	4
50000	ybaY	4
50000	ybaZ	4
50000	ybbA	4
50000	ybbO	4
50000	ybbP	4
50000	ybdQ	4
50000	ybfB	4
50000	ybfD	4
50000	ybgA	4
50000	ybgH	4
50000	ybgI	4
50000	ybgJ	4
50000	ybgP	4
50000	ybhO	4
50000	ybhP	4
50000	ybiH	4
50000	ybiM	4
50000	ybjF	4
50000	ycaI	4
50000	ycbK	4
50000	ycbL	4
50000	ycbQ	4
50000	ycbR	4
50000	ycbT	4
50000	ycbU	4
50000	ycbV	4
50000	ycbX	4
50000	ycdS	4
50000	ycdT	4
50000	ycfT	4
50000	ycfU	4
50000	ycfV	4
50000	ydhC	4
50000	ydhD	4
50000	ydhF	4
50000	ydhH	4
50000	ydhI	4
50000	ydhJ	4
50000	ydhO	4
50000	ydhV	4
50000	ydiB	4
50000	ydiL	4
50000	ydiN	4
50000	yecG	4
50000	yeeA	4
50000	yeeF	4
50000	yeeX	4
50000	yegT	4
50000	yegU	4
50000	yegV	4
50000	yegW	4
50000	yeiH	4
50000	yfaP	4
50000	yfcY	4
50000	yfcZ	4
50000	yfdX	4
50000	yfdY	4
50000	yfeA	4
50000	yfhB	4
50000	yfhH	4
50000	yfhL	4
50000	yfhM	4
50000	yfiB	4
50000	yfiH	4
50000	yfiO	4
50000	ygaA	4
50000	ygaH	4
50000	ygaZ	4
50000	ygbA	4
50000	ygcF	4
50000	ygcN	4
50000	ygcO	4
50000	ygcP	4
50000	yghA	4
50000	yghB	4
50000	yghK	4
50000	ygiG	4
50000	ygiH	4
50000	ygiL	4
50000	ygjG	4
50000	ygjH	4
50000	yhbL	4
50000	yhbY	4
50000	yhcC	4
50000	yhcS	4
50000	yhdJ	4
50000	yhdU	4
50000	yheR	4
50000	yheS	4
50000	yidF	4
50000	yidG	4
50000	yidH	4
50000	yidI	4
50000	yidL	4
50000	yjbC	4
50000	yjbD	4
50000	yjbE	4
50000	yjbF	4
50000	yjbG	4
50000	yjeB	4
50000	yjeI	4
50000	yjeJ	4
50000	yjeT	4
50000	yjjV-yjjW	4
50000	ylaB	4
50000	ylaC	4
50000	ymcC	4
50000	ymcD	4
50000	yneK	4
50000	ynhG	4
50000	ynjE	4
50000	ynjF	4
50000	ynjH	4
50000	ynjI	4
50000	yobD	4
50000	yoeD	4
50000	ypdI	4
50000	ypeC	4
50000	yphD	4
50000	ypjD	4
50000	yqhA	4
50000	yqhC	4
50000	yqhD	4
50000	yqhG	4
50000	yqhH	4
50000	yqiB	4
50000	yqiC	4
50000	yqiE	4
50000	yrbA	4
50000	ytfL	4
50000	ytfR	4
50000	accC	3
50000	accD	3
50000	aceA	3
50000	aceK	3
50000	agaR	3
50000	agp	3
50000	ahpC	3
50000	aldB	3
50000	allC	3
50000	alr	3
50000	amiA	3
50000	aphA	3
50000	appB	3
50000	apt	3
50000	argR	3
50000	arnT	3
50000	aroC	3
50000	aroD	3
50000	artP	3
50000	aslB	3
50000	asnB	3
50000	asnS	3
50000	atoC	3
50000	atoS	3
50000	atpB	3
50000	atpE	3
50000	bcp	3
50000	bcsC	3
50000	caiA	3
50000	caiC	3
50000	caiD	3
50000	cbpA	3
50000	ccmA	3
50000	ccmB	3
50000	ccmC	3
50000	ccmD	3
50000	ccmE	3
50000	ccmF	3
50000	ccrB	3
50000	cdaR	3
50000	chiA	3
50000	citT	3
50000	clpA-serW	3
50000	clpP	3
50000	cpdB	3
50000	crp	3
50000	csiE	3
50000	cspE	3
50000	cspI	3
50000	cutA	3
50000	cysC	3
50000	cysQ	3
50000	dapA	3
50000	dapD	3
50000	dctA	3
50000	ddg	3
50000	ddpX	3
50000	deaD	3
50000	dedA	3
50000	dedD	3
50000	degP	3
50000	deoB	3
50000	djlA	3
50000	dnaG	3
50000	dnaJ	3
50000	dnaN	3
50000	dnaX	3
50000	dsbD	3
50000	dsbG	3
50000	dsdX	3
50000	ebgA	3
50000	ECB_00624	3
50000	ECB_00663	3
50000	ECB_00664	3
50000	ECB_00819	3
50000	ECB_00820	3
50000	ECB_00821	3
50000	ECB_00822	3
50000	ECB_00824	3
50000	ECB_00825	3
50000	ECB_00826	3
50000	ECB_00827	3
50000	ECB_00833	3
50000	ECB_00843	3
50000	ECB_00845	3
50000	ECB_00846	3
50000	ECB_00848	3
50000	ECB_00849	3
50000	ECB_00850	3
50000	ECB_00851	3
50000	ECB_01413	3
50000	ECB_01506	3
50000	ECB_01507	3
50000	ECB_01510	3
50000	ECB_01516	3
50000	ECB_01527	3
50000	ECB_01528	3
50000	ECB_01530	3
50000	ECB_01533	3
50000	ECB_01534	3
50000	ECB_01535	3
50000	ECB_01536	3
50000	ECB_01628	3
50000	ECB_02057	3
50000	ECB_02307	3
50000	ECB_02648	3
50000	ECB_02650	3
50000	ECB_02651	3
50000	ECB_02652	3
50000	ECB_02834	3
50000	ECB_02835	3
50000	ECB_02836	3
50000	ECB_02837	3
50000	ECB_02838	3
50000	ECB_02853	3
50000	ECB_02854	3
50000	ECB_02855	3
50000	ECB_02856	3
50000	ECB_02858	3
50000	ECB_03539	3
50000	ECB_03540	3
50000	ECB_04152	3
50000	emrB	3
50000	envZ	3
50000	eutB	3
50000	eutC	3
50000	eutL	3
50000	exbB	3
50000	exbD	3
50000	exoX	3
50000	fabB	3
50000	fabD	3
50000	fabH	3
50000	fadE	3
50000	fecA	3
50000	fecB	3
50000	fecE	3
50000	fecI	3
50000	fecR	3
50000	feoA	3
50000	fhuC	3
50000	fhuD	3
50000	fis	3
50000	fkpA	3
50000	fldA	3
50000	flgN	3
50000	flhA	3
50000	flu	3
50000	folC	3
50000	folP	3
50000	ftsB	3
50000	ftsI	3
50000	ftsL	3
50000	ftsW	3
50000	fxsA	3
50000	gatA	3
50000	gatB	3
50000	gatC	3
50000	gcd	3
50000	gcvR	3
50000	glgB	3
50000	glgP	3
50000	glgX	3
50000	glk	3
50000	glmM	3
50000	glnB	3
50000	glnD	3
50000	glnK	3
50000	glpE	3
50000	gltI	3
50000	gltJ	3
50000	gltK	3
50000	gltX	3
50000	gnsB	3
50000	gor	3
50000	groEL	3
50000	groES	3
50000	gshA	3
50000	gspA	3
50000	gspC	3
50000	gspD	3
50000	gst	3
50000	gutM	3
50000	gyrB	3
50000	hcaB	3
50000	hcaE	3
50000	hcaR	3
50000	hcaT	3
50000	hemC	3
50000	hemD	3
50000	hemF	3
50000	hemL	3
50000	hisC	3
50000	hisD	3
50000	hisG	3
50000	hisL	3
50000	hmpA	3
50000	hokD	3
50000	holC	3
50000	hpt	3
50000	hscA	3
50000	hscB	3
50000	hslO	3
50000	htgA	3
50000	htpG	3
50000	hybE	3
50000	hybF	3
50000	hycA	3
50000	hycB	3
50000	hyfA	3
50000	idnD	3
50000	idnO	3
50000	idnR	3
50000	idnT	3
50000	imp	3
50000	insA-15	3
50000	insA-23	3
50000	insA-5	3
50000	insA-8	3
50000	insB-15	3
50000	insB-23	3
50000	insB-5	3
50000	insB-8	3
50000	insD	3
50000	insE-3	3
50000	insF-3	3
50000	insF-4	3
50000	insK-2	3
50000	insK-3	3
50000	intR	3
50000	iscR	3
50000	ispD	3
50000	ispF	3
50000	kefA	3
50000	leuA	3
50000	leuD	3
50000	lomR	3
50000	lpxK	3
50000	lrhA	3
50000	mdaB	3
50000	mdh	3
50000	mdoC	3
50000	menE	3
50000	mepA	3
50000	metH	3
50000	mglC	3
50000	mltB	3
50000	mltD	3
50000	mntH	3
50000	mogA	3
50000	mraW	3
50000	mraY	3
50000	mrcB	3
50000	msbA	3
50000	murD	3
50000	murE	3
50000	murF	3
50000	murG	3
50000	nagA	3
50000	nagC	3
50000	nagD	3
50000	nagE	3
50000	napB	3
50000	napC	3
50000	napH	3
50000	narV	3
50000	narW	3
50000	narY	3
50000	ndk	3
50000	nhoA	3
50000	nlpB	3
50000	norM	3
50000	nrdB	3
50000	nrdE	3
50000	nrdF	3
50000	nuoA	3
50000	nuoB	3
50000	nuoC	3
50000	ompR	3
50000	panF	3
50000	pbpC	3
50000	pckA	3
50000	pcnB	3
50000	pdxY	3
50000	pepN	3
50000	pgm	3
50000	plsX	3
50000	pmrD	3
50000	pncB	3
50000	pntA	3
50000	pntB	3
50000	potE	3
50000	potG	3
50000	potH	3
50000	potI	3
50000	ppa	3
50000	ppk	3
50000	priC	3
50000	prkB	3
50000	prlC	3
50000	prmA	3
50000	proV	3
50000	psiF	3
50000	ptsO	3
50000	purM	3
50000	purN	3
50000	purR	3
50000	rbsC	3
50000	rbsD	3
50000	rcsC	3
50000	rdgC	3
50000	recF	3
50000	rem	3
50000	rfaE	3
50000	rhsE	3
50000	ribC	3
50000	rimK	3
50000	rne	3
50000	rnpA	3
50000	rpmF	3
50000	rpoB	3
50000	rpoC	3
50000	rpsB	3
50000	rpsG	3
50000	rpsL	3
50000	rrsC	3
50000	sbcC	3
50000	sbmA	3
50000	sdaC	3
50000	sdhB	3
50000	seqA	3
50000	setA	3
50000	slyX	3
50000	sodC	3
50000	spr	3
50000	srlA	3
50000	srlB	3
50000	srlD	3
50000	sseB	3
50000	stfR	3
50000	sucA	3
50000	sufB	3
50000	sufC	3
50000	talB	3
50000	tauB	3
50000	tauC	3
50000	tauD	3
50000	tbpA	3
50000	tfaE	3
50000	thiP	3
50000	tig	3
50000	torA	3
50000	torD	3
50000	trpS	3
50000	truA	3
50000	tsf	3
50000	tufA	3
50000	tyrB	3
50000	tyrS	3
50000	ubiF	3
50000	upp	3
50000	uraA	3
50000	uspA	3
50000	uvrA	3
50000	valS	3
50000	wrbA	3
50000	yaaH	3
50000	yaaW	3
50000	yabN	3
50000	yadB	3
50000	yadF	3
50000	yadR	3
50000	yadS	3
50000	yaeH	3
50000	yaeI	3
50000	yafD	3
50000	yafE	3
50000	yafV	3
50000	yaiT	3
50000	yaiV	3
50000	yaiY	3
50000	yaiZ	3
50000	ybaB	3
50000	ybaJ	3
50000	ybaM	3
50000	ybaN	3
50000	ybbC	3
50000	ybcW	3
50000	ybdL	3
50000	ybdM	3
50000	ybdN	3
50000	ybfE	3
50000	ybfF	3
50000	ybfO	3
50000	ybgO	3
50000	ybhN	3
50000	ybiN	3
50000	ybjL	3
50000	ybjM	3
50000	ybjO	3
50000	ybjP	3
50000	ybjQ	3
50000	ybjR	3
50000	ycaL	3
50000	yccD	3
50000	yccE	3
50000	yccJ	3
50000	ycdG	3
50000	ycdH	3
50000	ycdI	3
50000	ycdJ	3
50000	ycdR	3
50000	ycfW	3
50000	ycjM	3
50000	ydcC	3
50000	ydcE	3
50000	yddH	3
50000	yddQ	3
50000	yddR	3
50000	yddS	3
50000	ydfG	3
50000	ydfH	3
50000	ydfQ-2	3
50000	ydfR	3
50000	ydfU	3
50000	ydgD	3
50000	ydgF	3
50000	ydgG	3
50000	ydgH	3
50000	ydgI	3
50000	ydgR	3
50000	ydhB	3
50000	ydhP	3
50000	ydhQ	3
50000	ydhR	3
50000	ydhW	3
50000	ydiF	3
50000	yeaN	3
50000	yeaO	3
50000	yeaP	3
50000	yeaQ	3
50000	yebT	3
50000	yebU	3
50000	yecI	3
50000	yeeD	3
50000	yeeE	3
50000	yeeR	3
50000	yeeY	3
50000	yeeZ	3
50000	yehQ	3
50000	yehR	3
50000	yehS	3
50000	yehT	3
50000	yehU	3
50000	yehV	3
50000	yehW	3
50000	yehX	3
50000	yeiA	3
50000	yeiI	3
50000	yeiQ	3
50000	yeiR	3
50000	yeiT	3
50000	yeiU	3
50000	yejB	3
50000	yejE	3
50000	yfaE	3
50000	yfaQ	3
50000	yfaS	3
50000	yfbH	3
50000	yfbJ	3
50000	yfbQ	3
50000	yfbS	3
50000	yfbW	3
50000	yfcA	3
50000	yfcB	3
50000	yfcM	3
50000	yfcN	3
50000	yfcO	3
50000	yfcP	3
50000	yfcQ	3
50000	yfcX	3
50000	yfdU	3
50000	yfdW	3
50000	yfdZ	3
50000	yfeC	3
50000	yfeD	3
50000	yfeG	3
50000	yfeO	3
50000	yfeR	3
50000	yffI	3
50000	yfgB	3
50000	yfhD	3
50000	yfhQ	3
50000	yfhR	3
50000	yfjD	3
50000	ygaXY	3
50000	ygbD	3
50000	ygbE	3
50000	ygcM	3
50000	ygdH	3
50000	ygfA	3
50000	ygfB	3
50000	ygfE	3
50000	yghF	3
50000	yghG	3
50000	yghQ	3
50000	yghR	3
50000	ygiN	3
50000	ygiP	3
50000	ygiS	3
50000	ygiT	3
50000	ygiU	3
50000	ygiV	3
50000	ygiW	3
50000	ygjE	3
50000	ygjF	3
50000	yhbJ	3
50000	yhbZ	3
50000	yhcN	3
50000	yhcO	3
50000	yhcP	3
50000	yhcQ	3
50000	yhcR	3
50000	yhdG	3
50000	yhdP	3
50000	yhdT	3
50000	yhdW	3
50000	yhdX	3
50000	yhdY	3
50000	yheL	3
50000	yheM	3
50000	yheN	3
50000	yheO	3
50000	yheT	3
50000	yheU	3
50000	yhfA	3
50000	yhfK	3
50000	yhfQ	3
50000	yhfR	3
50000	yhfT	3
50000	yhfU	3
50000	yhfW	3
50000	yhfX	3
50000	yhfY	3
50000	yhfZ	3
50000	yhgE	3
50000	yhhI-1	3
50000	yhiP	3
50000	yhiQ	3
50000	yhiR	3
50000	yhjK	3
50000	yiaV	3
50000	yiaW	3
50000	yiaY	3
50000	yidC	3
50000	yidD	3
50000	yieL	3
50000	yifK	3
50000	yihO	3
50000	yis1	3
50000	yjbQ	3
50000	yjbR	3
50000	yjeH	3
50000	yjgQ	3
50000	yjgR	3
50000	ykfE	3
50000	ykiA	3
50000	ylbH	3
50000	ymdF	3
50000	ynfN	3
50000	yoaF	3
50000	ypdA	3
50000	ypdC	3
50000	ypdG	3
50000	ypdH	3
50000	yphH	3
50000	yqiA	3
50000	yrbB	3
50000	yrbC	3
50000	yrbD	3
50000	yrbE	3
50000	yrbF	3
50000	yrbH	3
50000	yrbI	3
50000	yrbL	3
50000	ytfJ	3
50000	ytfK	3
50000	ytfP	3
50000	ytfQ	3
50000	ytfT	3
50000	yzfA	3
50000	aas	2
50000	abgR	2
50000	accA	2
50000	aceB	2
50000	aceE	2
50000	aceF	2
50000	acrA	2
50000	acrR	2
50000	add	2
50000	adhE	2
50000	adhP	2
50000	adk	2
50000	aes	2
50000	agaA	2
50000	agaB	2
50000	agaC	2
50000	agaD	2
50000	agaE	2
50000	agaF	2
50000	agaS	2
50000	agaV	2
50000	agaW	2
50000	agaY	2
50000	agaZ	2
50000	alaS	2
50000	aldH	2
50000	alkA	2
50000	allB	2
50000	allP	2
50000	amiB	2
50000	amn	2
50000	ampD	2
50000	ampE	2
50000	ampH	2
50000	ansP	2
50000	apbA	2
50000	araF	2
50000	araG	2
50000	araH	2
50000	araJ	2
50000	arcA	2
50000	argI	2
50000	argS	2
50000	argT	2
50000	aroA	2
50000	aroB	2
50000	aroE	2
50000	aroP	2
50000	ascF	2
50000	asd	2
50000	asr	2
50000	astE	2
50000	bcr	2
50000	bdm	2
50000	betA	2
50000	betI	2
50000	betT	2
50000	bglA	2
50000	bglJ	2
50000	bglX	2
50000	blr	2
50000	bolA	2
50000	caiE	2
50000	caiF	2
50000	caiT	2
50000	carB	2
50000	cbl	2
50000	ccmG	2
50000	ccmH	2
50000	celD	2
50000	celF	2
50000	chaA	2
50000	chaB	2
50000	chaC	2
50000	cheB	2
50000	cheR	2
50000	cheY	2
50000	cheZ	2
50000	cls	2
50000	cmr	2
50000	cobB	2
50000	cobS	2
50000	cobU	2
50000	copA	2
50000	creB	2
50000	creC	2
50000	cspG	2
50000	csrA	2
50000	cueR	2
50000	cutC	2
50000	cutF	2
50000	cvpA	2
50000	cyaA	2
50000	cyoA	2
50000	cyoE	2
50000	cysG	2
50000	cytR	2
50000	dacA	2
50000	dam	2
50000	damX	2
50000	dbpA	2
50000	dcrB	2
50000	dctA-yhjK	2
50000	def	2
50000	deoR	2
50000	dgoD	2
50000	dgt	2
50000	dhaR	2
50000	dicC	2
50000	dinD	2
50000	dksA	2
50000	dnaA	2
50000	dnaB	2
50000	dnaC	2
50000	dnaT	2
50000	dos	2
50000	dsdA	2
50000	ebgC	2
50000	ECB_00020	2
50000	ECB_00021	2
50000	ECB_00212	2
50000	ECB_00265	2
50000	ECB_00320	2
50000	ECB_00376	2
50000	ECB_00377	2
50000	ECB_00378	2
50000	ECB_00662	2
50000	ECB_00783	2
50000	ECB_00814	2
50000	ECB_00815	2
50000	ECB_00816	2
50000	ECB_00823	2
50000	ECB_00834	2
50000	ECB_00839	2
50000	ECB_00840	2
50000	ECB_00841	2
50000	ECB_00842	2
50000	ECB_00844	2
50000	ECB_01147	2
50000	ECB_01382	2
50000	ECB_01416	2
50000	ECB_01417	2
50000	ECB_01458	2
50000	ECB_01523	2
50000	ECB_01539	2
50000	ECB_01540	2
50000	ECB_01541	2
50000	ECB_01542	2
50000	ECB_01757	2
50000	ECB_02797	2
50000	ECB_02798	2
50000	ECB_02802	2
50000	ECB_02832	2
50000	ECB_02833	2
50000	ECB_02857	2
50000	ECB_03080	2
50000	ECB_03279	2
50000	ECB_03412	2
50000	ECB_03437	2
50000	ECB_03438	2
50000	ECB_03530	2
50000	ECB_03531	2
50000	ECB_03532	2
50000	ECB_03533	2
50000	ECB_03534	2
50000	ECB_03537	2
50000	ECB_03538	2
50000	ECB_03541	2
50000	ECB_04146	2
50000	ECB_04147	2
50000	ECB_04148	2
50000	ECB_04162	2
50000	ecpD	2
50000	edd	2
50000	emrK	2
50000	emrY	2
50000	epd	2
50000	fbaA	2
50000	fbp	2
50000	fdx	2
50000	fecC	2
50000	fecD	2
50000	feoB	2
50000	fixA	2
50000	flhB	2
50000	fmt	2
50000	folK	2
50000	frdA	2
50000	frdB	2
50000	frdC	2
50000	frlC	2
50000	frr	2
50000	fruA	2
50000	fruK	2
50000	fruR	2
50000	fsr	2
50000	ftsK	2
50000	ftsN	2
50000	fucI	2
50000	fucK	2
50000	fucO	2
50000	fucU	2
50000	fur	2
50000	galR	2
50000	galU	2
50000	garK	2
50000	gcl	2
50000	glgA	2
50000	glgC	2
50000	glnS	2
50000	glpA	2
50000	glpB	2
50000	glpC	2
50000	glpD	2
50000	glpQ	2
50000	glpT	2
50000	glxK	2
50000	glxR	2
50000	glyA	2
50000	glyQ	2
50000	gntT	2
50000	gph	2
50000	greB	2
50000	grpE	2
50000	grxA	2
50000	grxB	2
50000	gspE	2
50000	gspF	2
50000	gspG	2
50000	gspH	2
50000	gspJ	2
50000	gspK	2
50000	gspL	2
50000	gss	2
50000	gudD	2
50000	gudP	2
50000	gudX	2
50000	hcaC	2
50000	hcaF	2
50000	hda	2
50000	hdfR	2
50000	helD	2
50000	hemB	2
50000	hemH	2
50000	hepA	2
50000	hisB	2
50000	hisJ	2
50000	hisQ	2
50000	hnr	2
50000	hns	2
50000	holE	2
50000	hrpB	2
50000	hslR	2
50000	htrE	2
50000	hybB	2
50000	hybC	2
50000	hybD	2
50000	hybG	2
50000	hycC	2
50000	hyfB	2
50000	hyfD	2
50000	hyfE	2
50000	hyfF	2
50000	hyi	2
50000	hypA	2
50000	hypB	2
50000	hypC	2
50000	hypD	2
50000	hypF	2
50000	ibpA	2
50000	ibpB	2
50000	iclR	2
50000	ilvB	2
50000	ilvD	2
50000	ilvE	2
50000	ilvG	2
50000	ilvH	2
50000	ilvI	2
50000	ilvL	2
50000	ilvM	2
50000	inaA	2
50000	infB	2
50000	insA-10	2
50000	insA-11	2
50000	insA-13	2
50000	insA-21	2
50000	insA-2	2
50000	insA-25	2
50000	insA-26	2
50000	insA-4	2
50000	insB-10	2
50000	insB-11	2
50000	insB-13	2
50000	insB-21	2
50000	insB-2	2
50000	insB-26	2
50000	insB-4	2
50000	insE-4	2
50000	insI	2
50000	insJ-2	2
50000	insJ-3	2
50000	insL-1	2
50000	insL-4	2
50000	insN	2
50000	ispC	2
50000	ispG	2
50000	ispZ	2
50000	ivbL	2
50000	kch	2
50000	kdgK	2
50000	kdsB	2
50000	lacA	2
50000	lacI	2
50000	lacY	2
50000	lacZ	2
50000	lar	2
50000	lasT	2
50000	ldcC	2
50000	ligA	2
50000	ligT	2
50000	lipB	2
50000	lnt	2
50000	lplA	2
50000	lysA	2
50000	lysC-pgi	2
50000	malE	2
50000	malF	2
50000	malG	2
50000	malK	2
50000	map	2
50000	mdlB	2
50000	mdoB	2
50000	mdoG	2
50000	mdoH	2
50000	menB	2
50000	menC	2
50000	menD	2
50000	metA	2
50000	mgsA	2
50000	mhpA	2
50000	mhpR	2
50000	mltE	2
50000	mntR	2
50000	moaE	2
50000	modF	2
50000	motB	2
50000	mreB	2
50000	mtr	2
50000	mukE	2
50000	nadC	2
50000	nadE	2
50000	nadR	2
50000	nagB	2
50000	nanA	2
50000	nanE	2
50000	nanK	2
50000	nanR	2
50000	nanT	2
50000	napA	2
50000	napG	2
50000	narL	2
50000	narU	2
50000	narX	2
50000	narZ	2
50000	nfsA	2
50000	nhaA	2
50000	nhaR	2
50000	nrdH	2
50000	nrdI	2
50000	nth	2
50000	nuoE	2
50000	nuoF	2
50000	nuoG	2
50000	nusA	2
50000	ompA	2
50000	oppA	2
50000	oppB	2
50000	oppC	2
50000	oppD	2
50000	oppF	2
50000	ordL	2
50000	osmC	2
50000	otsB	2
50000	pal	2
50000	panB	2
50000	panC	2
50000	panD	2
50000	parC	2
50000	pdhR	2
50000	pdxA	2
50000	pepA	2
50000	pepB	2
50000	pfs	2
50000	pgk	2
50000	pgpB	2
50000	phoH	2
50000	pioO	2
50000	pitA	2
50000	pitB	2
50000	polB	2
50000	potD	2
50000	potF	2
50000	pphA	2
50000	pphB	2
50000	ppnK	2
50000	ppx	2
50000	pqiA	2
50000	pqiB	2
50000	prc	2
50000	priA	2
50000	proQ	2
50000	pssA	2
50000	pta	2
50000	ptrB	2
50000	ptsN	2
50000	purC	2
50000	purF	2
50000	pyrC	2
50000	pyrE	2
50000	pyrF	2
50000	pyrH	2
50000	qor	2
50000	rbfA	2
50000	recA	2
50000	recB	2
50000	recE	2
50000	recR	2
50000	recT	2
50000	ribA	2
50000	rihA	2
50000	rimL	2
50000	rlpA	2
50000	rluA	2
50000	rnfA	2
50000	rnfC	2
50000	rnfD	2
50000	rnfE	2
50000	rnfG	2
50000	rof	2
50000	rpe	2
50000	rph	2
50000	rplA	2
50000	rplB	2
50000	rplC	2
50000	rplD	2
50000	rplE	2
50000	rplJ	2
50000	rplL	2
50000	rplN	2
50000	rplP	2
50000	rplV	2
50000	rplX	2
50000	rplY	2
50000	rpmC	2
50000	rpmH	2
50000	rpoD	2
50000	rpsC	2
50000	rpsJ	2
50000	rpsO	2
50000	rpsQ	2
50000	rpsS	2
50000	rpsU	2
50000	rpsV	2
50000	rrmB	2
50000	rsuA	2
50000	rtn	2
50000	sapA	2
50000	sapB	2
50000	sapC	2
50000	sdaB	2
50000	secG	2
50000	selB	2
50000	selD	2
50000	serA	2
50000	serB	2
50000	sfa	2
50000	sfcA	2
50000	sfsA	2
50000	sgcA	2
50000	sgcE	2
50000	sgcQ	2
50000	sgcR	2
50000	shiA	2
50000	sirA	2
50000	slmA	2
50000	smf	2
50000	smg	2
50000	smp	2
50000	sms	2
50000	speC	2
50000	sppA	2
50000	spy	2
50000	srmB	2
50000	ssuA	2
50000	ssuB	2
50000	ssuC	2
50000	ssuD	2
50000	stpA	2
50000	sufA	2
50000	sufI	2
50000	suhB	2
50000	surA	2
50000	surE	2
50000	syd	2
50000	tas	2
50000	tauA	2
50000	tdk	2
50000	thrA	2
50000	thrB	2
50000	thrL	2
50000	tilS	2
50000	tnaA	2
50000	tnaL	2
50000	tonB	2
50000	torS	2
50000	torY	2
50000	torZ	2
50000	treF	2
50000	trkA	2
50000	trkG	2
50000	trmE	2
50000	trpE	2
50000	trpL	2
50000	truB	2
50000	trxB	2
50000	ubiA	2
50000	ubiC	2
50000	ubiX	2
50000	usg	2
50000	ushA	2
50000	uup	2
50000	uvrC	2
50000	uvrY	2
50000	wecG	2
50000	xasA	2
50000	xisR	2
50000	xni	2
50000	xylE	2
50000	yabB	2
50000	yabJ	2
50000	yadC	2
50000	yadD	2
50000	yadE	2
50000	yadG	2
50000	yadH	2
50000	yadI	2
50000	yadL	2
50000	yadM	2
50000	yadN	2
50000	yadQ	2
50000	yadT	2
50000	yaeJ	2
50000	yaeP	2
50000	yaeQ	2
50000	yaeR	2
50000	yafZ	2
50000	yagW	2
50000	yagX	2
50000	yagY	2
50000	yagZ	2
50000	yaiO	2
50000	yajF	2
50000	yajG	2
50000	yajQ	2
50000	yajR	2
50000	ybaE	2
50000	ybaK	2
50000	ybaS	2
50000	ybaT	2
50000	ybaV	2
50000	ybaW	2
50000	ybaX	2
50000	ybbD	2
50000	ybbJ	2
50000	ybbK	2
50000	ybbL	2
50000	ybbM	2
50000	ybbN	2
50000	ybbV	2
50000	ybbY	2
50000	ybeD	2
50000	ybeF	2
50000	ybeM	2
50000	ybeX	2
50000	ybeY	2
50000	ybeZ	2
50000	ybfC	2
50000	ybfGH	2
50000	ybfM	2
50000	ybfN	2
50000	ybfP	2
50000	ybgF	2
50000	ybhL	2
50000	ybhM	2
50000	ybiO	2
50000	ybiP	2
50000	ybiR	2
50000	ybiS	2
50000	ybiT	2
50000	ybiU	2
50000	ybjC	2
50000	ybjG	2
50000	ybjH	2
50000	ybjI	2
50000	ybjJ	2
50000	ybjK	2
50000	ybjN	2
50000	ybjS	2
50000	ycaQ	2
50000	ycaR	2
50000	ycbG	2
50000	ycbY	2
50000	ycbZ	2
50000	yccM	2
50000	yccT	2
50000	yccU	2
50000	ycdB	2
50000	ycdN	2
50000	ycdO	2
50000	ycdP	2
50000	ycdQ	2
50000	yceB	2
50000	yceD	2
50000	yceF	2
50000	ycfF	2
50000	ycfJ	2
50000	ycfL	2
50000	ycfM	2
50000	ycfQ	2
50000	ycfR	2
50000	ycfS	2
50000	ycfZ	2
50000	ycgV	2
50000	ychE	2
50000	ychN	2
50000	ychP	2
50000	yciA	2
50000	yciH	2
50000	yciI	2
50000	yciM	2
50000	yciO	2
50000	yciR	2
50000	yciS	2
50000	yciU	2
50000	yciV	2
50000	ycjC	2
50000	ycjK	2
50000	ycjL	2
50000	ycjN	2
50000	ycjO	2
50000	ycjP	2
50000	ycjQ	2
50000	ycjR	2
50000	ycjS	2
50000	ycjT	2
50000	ycjU	2
50000	ydaC	2
50000	ydaL	2
50000	ydaM	2
50000	ydaN	2
50000	ydaO	2
50000	ydcD	2
50000	ydcG	2
50000	ydcH	2
50000	ydcJ	2
50000	ydcK	2
50000	yddB	2
50000	yddJ	2
50000	yddK	2
50000	yddO	2
50000	yddP	2
50000	yddV	2
50000	yddW	2
50000	ydeO	2
50000	ydeP	2
50000	ydeQ	2
50000	ydeR	2
50000	ydeS	2
50000	ydeT	2
50000	ydfI	2
50000	ydfK	2
50000	ydfP	2
50000	ydfX	2
50000	ydfZ	2
50000	ydgB	2
50000	ydgC	2
50000	ydgE	2
50000	ydgJ	2
50000	ydgK	2
50000	ydgT	2
50000	ydhS	2
50000	ydhT	2
50000	ydhU	2
50000	ydiH	2
50000	ydiI	2
50000	ydiO	2
50000	ydjA	2
50000	ydjC	2
50000	ydjQ	2
50000	ydjR	2
50000	yeaJ	2
50000	yeaK	2
50000	yeaL	2
50000	yeaM	2
50000	yeaR	2
50000	yeaS	2
50000	yeaT	2
50000	yeaV	2
50000	yebE	2
50000	yebR	2
50000	yebS	2
50000	yebV	2
50000	yebW	2
50000	yebY	2
50000	yebZ	2
50000	yecM	2
50000	yecP	2
50000	yecT	2
50000	yedU	2
50000	yeeN	2
50000	yeeO	2
50000	yegE	2
50000	yegX	2
50000	yehY	2
50000	yehZ	2
50000	yeiJ	2
50000	yeiP	2
50000	yejA	2
50000	yejF	2
50000	yejH	2
50000	yejK	2
50000	yejL	2
50000	yejO	2
50000	yfaA	2
50000	yfaD	2
50000	yfaH	2
50000	yfaT	2
50000	yfaU	2
50000	yfbB	2
50000	yfbF	2
50000	yfbG	2
50000	yfbR	2
50000	yfbT	2
50000	yfbU	2
50000	yfbV	2
50000	yfcC	2
50000	yfcD	2
50000	yfcE	2
50000	yfcF	2
50000	yfcK	2
50000	yfcL	2
50000	yfcR	2
50000	yfcTU	2
50000	yfdE	2
50000	yfdV	2
50000	yfeH	2
50000	yfgA	2
50000	yfgC	2
50000	yfgD	2
50000	yfhA	2
50000	yfhG	2
50000	yfhJ	2
50000	yfiQ	2
50000	ygaC	2
50000	ygaD	2
50000	ygaG	2
50000	ygaM	2
50000	ygaP	2
50000	ygaV	2
50000	ygaW	2
50000	ygbI	2
50000	ygbJ	2
50000	ygbK	2
50000	ygbO	2
50000	ygcG	2
50000	ygdQ	2
50000	ygdR	2
50000	ygeD	2
50000	ygfF	2
50000	ygfZ	2
50000	yggB	2
50000	yggC	2
50000	yggD	2
50000	yggF	2
50000	yggP	2
50000	yghS	2
50000	yghT	2
50000	yghU	2
50000	ygiX	2
50000	ygiY	2
50000	ygiZ	2
50000	ygjD	2
50000	yhaC	2
50000	yhaV	2
50000	yhbP	2
50000	yhbQ	2
50000	yhbS	2
50000	yhbT	2
50000	yhbU	2
50000	yhbV	2
50000	yhbW	2
50000	yhbX	2
50000	yhcG	2
50000	yhcH	2
50000	yhdV	2
50000	yhfL	2
50000	yhfM	2
50000	yhfN	2
50000	yhfV	2
50000	yhgF	2
50000	yhhN	2
50000	yhhQ	2
50000	yhhS	2
50000	yhhX	2
50000	yhiO	2
50000	yhjA	2
50000	yhjB	2
50000	yhjC	2
50000	yhjD	2
50000	yhjH	2
50000	yhjJ	2
50000	yiaT	2
50000	yiaU	2
50000	yicC	2
50000	yicF	2
50000	yicG	2
50000	yicK	2
50000	yicL	2
50000	yidA	2
50000	yidB	2
50000	yidE	2
50000	yifB	2
50000	yifE	2
50000	yihN	2
50000	yihP	2
50000	yihQ	2
50000	yihR	2
50000	yihS	2
50000	yihT	2
50000	yihU	2
50000	yis2	2
50000	yjbA	2
50000	yjbI	2
50000	yjbM	2
50000	yjeA	2
50000	yjeK	2
50000	yjfF	2
50000	yjfH	2
50000	yjfI	2
50000	yjfJ	2
50000	yjfK	2
50000	yjgD	2
50000	yjgI	2
50000	yjgJ	2
50000	yjgK	2
50000	yjgL	2
50000	yjgM	2
50000	yjgN	2
50000	yjgP	2
50000	yjhB	2
50000	yjhC	2
50000	yjjA	2
50000	yjjB	2
50000	yjjG	2
50000	yjjK	2
50000	yjjP	2
50000	yjjQ	2
50000	yjjX	2
50000	yjjY	2
50000	ykgE	2
50000	ykgF	2
50000	ykgG	2
50000	ykgH	2
50000	ykgK	2
50000	ykgN	2
50000	ylbA	2
50000	yleA	2
50000	yliA	2
50000	yliB	2
50000	yliC	2
50000	yliD	2
50000	yliE	2
50000	yliF	2
50000	ymfA	2
50000	ymgD	2
50000	ynaE-ynaF	2
50000	ynaK	2
50000	yncE	2
50000	yncG	2
50000	yncH	2
50000	yneJ	2
50000	ynfF	2
50000	ynfM	2
50000	ynjB	2
50000	ynjC	2
50000	ynjD	2
50000	yoaA	2
50000	yoaD	2
50000	yoaE	2
50000	yoaG	2
50000	yobA	2
50000	yobB	2
50000	ypdB	2
50000	ypdD	2
50000	ypdF	2
50000	ypeA	2
50000	ypeB	2
50000	yqaA	2
50000	yqaB	2
50000	yqcA	2
50000	yqcB	2
50000	yqcC	2
50000	yqcD	2
50000	yqiJ	2
50000	yqiK	2
50000	yrbG	2
50000	yrdA	2
50000	yrdB	2
50000	yrdC	2
50000	yrdD	2
50000	yrfE	2
50000	yrfF	2
50000	yrfG	2
50000	yshA	2
50000	ytfG	2
50000	ytfH	2
50000	zntA	2
50000	zwf	2
50000	abgA	1
50000	abgB	1
50000	abgT	1
50000	accB	1
50000	ackA	1
50000	acnB	1
50000	acpS	1
50000	acpT	1
50000	acs	1
50000	actP	1
50000	ade	1
50000	aidB	1
50000	ais	1
50000	allA	1
50000	allD	1
50000	allR	1
50000	alsA	1
50000	alsB	1
50000	alsC	1
50000	alsE	1
50000	alsK	1
50000	amiC	1
50000	ampC	1
50000	ampG	1
50000	ansB	1
50000	apaG	1
50000	apaH	1
50000	appC	1
50000	aqpZ	1
50000	araC	1
50000	araD	1
50000	arcC	1
50000	argA	1
50000	argB	1
50000	argC	1
50000	argD	1
50000	argE	1
50000	argG	1
50000	argH	1
50000	aroG-gpmA	1
50000	aroH	1
50000	aroK	1
50000	arpB	1
50000	arsB	1
50000	arsR	1
50000	ascB	1
50000	ascG	1
50000	aslA-hemY	1
50000	asmA	1
50000	astA	1
50000	astB	1
50000	astC	1
50000	astD	1
50000	avtA	1
50000	bcsZ	1
50000	betB	1
50000	bfd	1
50000	bfr	1
50000	bioA	1
50000	bioB	1
50000	bioC	1
50000	bioD	1
50000	bioF	1
50000	bioH	1
50000	bipA	1
50000	bipA-yihL	1
50000	birA	1
50000	bisC	1
50000	blc	1
50000	brnQ	1
50000	btuC	1
50000	btuD	1
50000	btuE	1
50000	cadA	1
50000	cadB	1
50000	cadC	1
50000	caiB	1
50000	caiF-caiE	1
50000	carA	1
50000	cdd	1
50000	cdsA	1
50000	cedA	1
50000	celA	1
50000	celB	1
50000	celC	1
50000	chaA-chaB	1
50000	cirA-lysP	1
50000	cmtA	1
50000	cmtB	1
50000	coaA	1
50000	codA	1
50000	codB	1
50000	creA	1
50000	creD	1
50000	crl	1
50000	csdA	1
50000	csgD-csgB	1
50000	csgG-csgF	1
50000	cspA	1
50000	cueO	1
50000	cutC-yecM	1
50000	cyaY	1
50000	cybB	1
50000	cynR	1
50000	cynT	1
50000	cynX	1
50000	cyoB	1
50000	cyoC	1
50000	cyoD	1
50000	cysD-iap	1
50000	cysK	1
50000	cysS	1
50000	cysZ	1
50000	dacC	1
50000	dadA	1
50000	dadX	1
50000	dapE	1
50000	dapF	1
50000	dcd	1
50000	dcuD	1
50000	ddlA-yaiB	1
50000	ddlB	1
50000	degQ	1
50000	degS	1
50000	deoD	1
50000	dfp	1
50000	dgkA	1
50000	dgoA	1
50000	dgoK	1
50000	dgoR	1
50000	dgoT	1
50000	dhaK	1
50000	dhaL	1
50000	dhaM	1
50000	dicB	1
50000	dinF	1
50000	dinI	1
50000	dinJ	1
50000	dmsA	1
50000	dmsB	1
50000	dmsC	1
50000	dnaE	1
50000	dppA	1
50000	dppB	1
50000	dppC	1
50000	dppD	1
50000	dppF	1
50000	dps	1
50000	dsbA	1
50000	dsbA-yihF	1
50000	dsbC	1
50000	dut	1
50000	dxs	1
50000	eaeH	1
50000	ECB_00022	1
50000	ECB_00025	1
50000	ECB_00026	1
50000	ECB_00726	1
50000	ECB_00727	1
50000	ECB_00728	1
50000	ECB_00729	1
50000	ECB_00730	1
50000	ECB_00731	1
50000	ECB_00732	1
50000	ECB_00733	1
50000	ECB_00783-mntR	1
50000	ECB_00835	1
50000	ECB_00836	1
50000	ECB_00837	1
50000	ECB_00838	1
50000	ECB_00851-ybjL	1
50000	ECB_01081	1
50000	ECB_01334	1
50000	ECB_01335	1
50000	ECB_01336	1
50000	ECB_01466-yneL	1
50000	ECB_01505	1
50000	ECB_01522	1
50000	ECB_01526-ECB_01527	1
50000	ECB_01534-ECB_01535	1
50000	ECB_01546	1
50000	ECB_01690	1
50000	ECB_01757-yeaL	1
50000	ECB_02033	1
50000	ECB_02034	1
50000	ECB_02199	1
50000	ECB_02200	1
50000	ECB_02200-nuoN	1
50000	ECB_02364	1
50000	ECB_02509	1
50000	ECB_02510	1
50000	ECB_02652-fucI	1
50000	ECB_02804	1
50000	ECB_02831	1
50000	ECB_03436	1
50000	ECB_03457	1
50000	ECB_03459	1
50000	ECB_03460	1
50000	ECB_03510	1
50000	ECB_03516	1
50000	ECB_03523	1
50000	ECB_03524	1
50000	ECB_03525	1
50000	ECB_03526	1
50000	ECB_03527	1
50000	ECB_03545	1
50000	ECB_03654	1
50000	ECB_03822	1
50000	ECB_04174	1
50000	ECB_04261	1
50000	ecnA	1
50000	ecnB	1
50000	eda	1
50000	efp	1
50000	elaC	1
50000	elaD	1
50000	endA	1
50000	epd-yggC	1
50000	era	1
50000	erfK	1
50000	essQ	1
50000	evgS	1
50000	exuT	1
50000	fabA	1
50000	fabG-acpP	1
50000	fabI	1
50000	fabI-ycjD	1
50000	fadA	1
50000	fadB	1
50000	fadD	1
50000	fadL-yfdF	1
50000	fadR	1
50000	farR	1
50000	fdnG	1
50000	fdnH	1
50000	fdnI	1
50000	fdrA	1
50000	feaB	1
50000	feaR	1
50000	fhuF	1
50000	fixB	1
50000	fixC	1
50000	fixX	1
50000	fldB	1
50000	flgF-flgG	1
50000	flhE	1
50000	flk	1
50000	fnr	1
50000	focA	1
50000	focB	1
50000	folA	1
50000	folX	1
50000	frdD	1
50000	fre	1
50000	frmA	1
50000	frmB	1
50000	frmR	1
50000	frmR-yaiO	1
50000	fruB	1
50000	ftn	1
50000	ftsA	1
50000	ftsE	1
50000	ftsQ	1
50000	ftsX	1
50000	ftsY	1
50000	ftsZ	1
50000	fucR	1
50000	fur-fldA	1
50000	gabP	1
50000	gabT	1
50000	gadA	1
50000	gadB	1
50000	gadX	1
50000	galP	1
50000	gapA	1
50000	garD	1
50000	garL	1
50000	garP	1
50000	garR	1
50000	gatY-fbaB	1
50000	gcvH-gcvT	1
50000	ggt	1
50000	glcD-glcC	1
50000	glgS	1
50000	glnA	1
50000	glnG	1
50000	glnL	1
50000	glpF	1
50000	glpK	1
50000	gltA-sdhC	1
50000	gltL	1
50000	gltS	1
50000	glyS	1
50000	gmhB	1
50000	gmk	1
50000	gnsA	1
50000	gntK	1
50000	gntR	1
50000	gntU	1
50000	goaG	1
50000	gpmA-galM	1
50000	gpmB	1
50000	gppA	1
50000	gpt	1
50000	greA-dacB	1
50000	gshB	1
50000	gsk	1
50000	gspI	1
50000	gspM	1
50000	gspO	1
50000	guaB	1
50000	hcp	1
50000	hdfR-yifE	1
50000	hdhA	1
50000	hemC-cyaA	1
50000	hemE	1
50000	hipA	1
50000	hipB	1
50000	hisA	1
50000	hisF	1
50000	hisH	1
50000	hisI	1
50000	hisM	1
50000	hisP	1
50000	hisS	1
50000	hofB	1
50000	hofQ	1
50000	hokA	1
50000	hokA-insJ-4	1
50000	hokB	1
50000	hokC	1
50000	hokD-ECB_01533	1
50000	holA	1
50000	holD	1
50000	hrsA	1
50000	hscC	1
50000	hslJ	1
50000	hslU	1
50000	hslV	1
50000	htrB	1
50000	htrC	1
50000	hupA	1
50000	hyaA	1
50000	hyaB	1
50000	hybA	1
50000	hybO	1
50000	hycD	1
50000	hycE	1
50000	hycF	1
50000	hycG	1
50000	hycH	1
50000	hycI	1
50000	hydN	1
50000	hyfG	1
50000	ibpB-ibpA	1
50000	idi	1
50000	idnK	1
50000	idnT-idnO	1
50000	ileS	1
50000	ilvA	1
50000	ilvC	1
50000	ilvN	1
50000	ilvY	1
50000	infC	1
50000	insA-1	1
50000	insA-12	1
50000	insA-17	1
50000	insA-3	1
50000	insB-1	1
50000	insB-12	1
50000	insB-17	1
50000	insB-3	1
50000	insE-2	1
50000	insF-2	1
50000	insG	1
50000	insJ-4	1
50000	insK-4	1
50000	insL-2-lon	1
50000	intB	1
50000	iscR-yfhQ	1
50000	ispA	1
50000	ispC-uppS	1
50000	katE	1
50000	kdsA	1
50000	kefC	1
50000	kgtP	1
50000	kil	1
50000	ksgA	1
50000	kup-insJ-5	1
50000	lamB	1
50000	ldcA	1
50000	ldhA	1
50000	ldrA	1
50000	ldrB	1
50000	ldrC	1
50000	lepA	1
50000	lepB	1
50000	leuL	1
50000	leuO	1
50000	lexA	1
50000	lipA	1
50000	lldP	1
50000	lldR	1
50000	lolA	1
50000	lon-hupB	1
50000	lpcA	1
50000	lpdA	1
50000	lpxC	1
50000	lrp	1
50000	ltaE	1
50000	lysR	1
50000	lysS	1
50000	lyxK	1
50000	macA	1
50000	maeB-talA	1
50000	malI	1
50000	malM	1
50000	malX	1
50000	malY	1
50000	malZ	1
50000	mdlA	1
50000	menA	1
50000	menF	1
50000	menG	1
50000	metB	1
50000	metI	1
50000	metJ	1
50000	metK	1
50000	metL	1
50000	metN	1
50000	metT-asnB	1
50000	mhpB	1
50000	mhpE	1
50000	mhpT	1
50000	minC	1
50000	minD	1
50000	minE	1
50000	mipA	1
50000	mlc	1
50000	mltA	1
50000	mltC	1
50000	mntH-nupC	1
50000	mobA	1
50000	mobB	1
50000	modA	1
50000	modE	1
50000	moeA	1
50000	mokB	1
50000	mokC	1
50000	mpl	1
50000	mppA	1
50000	mrcA	1
50000	mrdA	1
50000	mrdB	1
50000	mreC	1
50000	mreD	1
50000	msbB	1
50000	msyB	1
50000	mtlR	1
50000	mukF	1
50000	murB	1
50000	murC	1
50000	mutH	1
50000	mutM	1
50000	mutY	1
50000	mviM	1
50000	mviN	1
50000	nac	1
50000	nadB	1
50000	nadD	1
50000	nagZ	1
50000	napD	1
50000	napF	1
50000	narG	1
50000	narK	1
50000	narP	1
50000	ndh	1
50000	nfi	1
50000	nhaB	1
50000	nirC	1
50000	nlpA	1
50000	nlpA-ECB_03545	1
50000	nlpC	1
50000	nrdD	1
50000	nrdG	1
50000	nrfA	1
50000	nrfB	1
50000	nrfC	1
50000	nrfD	1
50000	nrfE	1
50000	nudC	1
50000	nuoL	1
50000	nuoM	1
50000	nuoN	1
50000	nupG	1
50000	nusG	1
50000	ogt	1
50000	ompC	1
50000	ompF-asnS	1
50000	ompN-ydbK	1
50000	ompX	1
50000	osmB	1
50000	osmE	1
50000	oxyR	1
50000	pabB	1
50000	pcm	1
50000	pdhR-aceE	1
50000	pdxB	1
50000	pdxJ	1
50000	pepD	1
50000	pepQ	1
50000	perM	1
50000	pfkB	1
50000	pgsA	1
50000	pheM	1
50000	pheS	1
50000	phoB	1
50000	phoE	1
50000	phoH-ycdP	1
50000	phoR	1
50000	phpB	1
50000	pinQ	1
50000	plsB	1
50000	plsC	1
50000	pmbA	1
50000	pntA-ydgH	1
50000	polA	1
50000	potC	1
50000	ppc	1
50000	ppdA	1
50000	ppdB	1
50000	ppdC	1
50000	ppdD	1
50000	ppiB	1
50000	ppiC	1
50000	ppsA	1
50000	pqqL	1
50000	prfB	1
50000	prfH	1
50000	prlA	1
50000	proA	1
50000	proB	1
50000	proS	1
50000	proY	1
50000	prpB	1
50000	prpC	1
50000	prpD	1
50000	prpE	1
50000	prsA	1
50000	psd	1
50000	pspA	1
50000	pspB	1
50000	pspC	1
50000	pspD	1
50000	pspE	1
50000	pspF	1
50000	pth	1
50000	ptr	1
50000	ptsH	1
50000	ptsP	1
50000	purD	1
50000	purE	1
50000	purK	1
50000	purL-yfhD	1
50000	purT	1
50000	putA	1
50000	putP	1
50000	pykA	1
50000	pyrE-rph	1
50000	queA	1
50000	racC	1
50000	radC	1
50000	rbfA-infB	1
50000	recC	1
50000	recD	1
50000	recJ	1
50000	recN	1
50000	recO	1
50000	recX	1
50000	rep	1
50000	rfaH	1
50000	rhsA	1
50000	ribD	1
50000	ribF	1
50000	rihB	1
50000	rimI	1
50000	rimJ	1
50000	rluC	1
50000	rmf	1
50000	rnb	1
50000	rncS	1
50000	rnd	1
50000	rnd-fadD	1
50000	rnfB	1
50000	rng	1
50000	rob	1
50000	rpiR	1
50000	rplF	1
50000	rplK	1
50000	rplO	1
50000	rplR	1
50000	rplT	1
50000	rplW	1
50000	rpmB	1
50000	rpmD	1
50000	rpmE	1
50000	rpmG	1
50000	rpmI	1
50000	rpmJ	1
50000	rpoA	1
50000	rpoE	1
50000	rpoN	1
50000	rpoZ	1
50000	rpsD	1
50000	rpsE	1
50000	rpsH	1
50000	rpsK	1
50000	rpsM	1
50000	rpsN	1
50000	rpsO-truB	1
50000	rpsT	1
50000	rrfD	1
50000	rrlH	1
50000	rsd	1
50000	rseA	1
50000	rseB	1
50000	rseC	1
50000	rsmC	1
50000	rspA	1
50000	rspB	1
50000	rstA	1
50000	rstB	1
50000	rzpR	1
50000	sanA	1
50000	sapD	1
50000	sapF	1
50000	sbcD	1
50000	sdaA	1
50000	secD	1
50000	secE	1
50000	secF	1
50000	selA	1
50000	serC	1
50000	serS	1
50000	setB	1
50000	sgbH	1
50000	sgbU	1
50000	sgcB	1
50000	sgcC	1
50000	sgcX	1
50000	sieB	1
50000	sixA	1
50000	slt	1
50000	smpA	1
50000	smpB	1
50000	smtA	1
50000	sohA	1
50000	solA	1
50000	speD	1
50000	speE	1
50000	speG	1
50000	spoT	1
50000	sprT	1
50000	srlD-gutM	1
50000	ssb	1
50000	sucB	1
50000	sucC	1
50000	sucD	1
50000	sugE	1
50000	sulA	1
50000	talA	1
50000	tatA	1
50000	tatB	1
50000	tatC	1
50000	tatD	1
50000	tatE	1
50000	tauD-hemB	1
50000	tdcA	1
50000	tdcB	1
50000	tdcC	1
50000	tdcD	1
50000	tdcE	1
50000	tdcR	1
50000	tehA	1
50000	tehB	1
50000	tesB-ybaY	1
50000	tgt	1
50000	thiC	1
50000	thiD	1
50000	thiH	1
50000	thiI	1
50000	thiJ	1
50000	thiM	1
50000	thrS	1
50000	tilS-rof	1
50000	tkrA	1
50000	tktB	1
50000	tnaB	1
50000	tolB	1
50000	torC	1
50000	torR	1
50000	torT	1
50000	treA	1
50000	trg	1
50000	trmH	1
50000	trpC	1
50000	trpD	1
50000	trpR	1
50000	trxC	1
50000	tsx	1
50000	tufB	1
50000	tynA	1
50000	tyrB-aphA	1
50000	tyrP	1
50000	ubiB	1
50000	ubiD	1
50000	udk	1
50000	ugpA	1
50000	ugpC	1
50000	ugpE	1
50000	ugpQ	1
50000	uhpA	1
50000	uhpB	1
50000	uidR	1
50000	umuC	1
50000	umuD	1
50000	ung	1
50000	uppS	1
50000	uvrB	1
50000	uxaA	1
50000	uxaC	1
50000	wecF	1
50000	wza	1
50000	xerD	1
50000	xseA	1
50000	xseB	1
50000	xthA	1
50000	xylA	1
50000	xylB	1
50000	xylF	1
50000	xylH	1
50000	yaaH-yaaW	1
50000	yaaU	1
50000	yaaY	1
50000	yabF	1
50000	yabI	1
50000	yabN-setA	1
50000	yacA	1
50000	yacC	1
50000	yacL	1
50000	yadK	1
50000	yadN-folK	1
50000	yadS-yadT	1
50000	yaeF	1
50000	yaeL	1
50000	yaeT	1
50000	yafA	1
50000	yafE-mltD	1
50000	yafJ	1
50000	yafK	1
50000	yafL	1
50000	yafM	1
50000	yafQ	1
50000	yagP	1
50000	yagQ	1
50000	yagS	1
50000	yagT	1
50000	yagU	1
50000	yagV	1
50000	yahA	1
50000	yahB	1
50000	yahC	1
50000	yahD	1
50000	yahE	1
50000	yahF	1
50000	yahG	1
50000	yaiE-ykiA	1
50000	yaiL	1
50000	yajC	1
50000	yajD	1
50000	yajI	1
50000	ybaD	1
50000	ybaL	1
50000	ybaM-priC	1
50000	ybaP	1
50000	ybaQ	1
50000	ybaQ-copA	1
50000	ybbB	1
50000	ybbF	1
50000	ybbS	1
50000	ybdD	1
50000	ybdH	1
50000	ybeA	1
50000	ybeB	1
50000	ybeR	1
50000	ybeV	1
50000	ybgG	1
50000	ybgH-ybgI	1
50000	ybhB	1
50000	ybhC	1
50000	ybhI	1
50000	ybhJ	1
50000	ybhK	1
50000	ybhP-ybhQ	1
50000	ybhT	1
50000	ybiC-ybiJ	1
50000	ybiF	1
50000	ybiK	1
50000	ybiV	1
50000	ybiW	1
50000	ybjD	1
50000	ybjE	1
50000	ybjL-ybjM	1
50000	ybjT	1
50000	ybjX	1
50000	ycaC	1
50000	ycaD	1
50000	ycaJ	1
50000	ycaO	1
50000	ycaP	1
50000	ycbC	1
50000	ycbF-pyrD	1
50000	ycbJ	1
50000	yccA	1
50000	yccF	1
50000	yccK	1
50000	yccR	1
50000	yccS	1
50000	yccV	1
50000	yccW	1
50000	yccX	1
50000	ycdK	1
50000	ycdL	1
50000	ycdM	1
50000	yceA	1
50000	yceE	1
50000	yceH	1
50000	yceI	1
50000	yceJ	1
50000	yceK	1
50000	yceL	1
50000	yceO	1
50000	yceP	1
50000	ycfH-ptsG	1
50000	ycfN	1
50000	ycfX	1
50000	ycgB	1
50000	ycgE	1
50000	ycgF	1
50000	ycgG	1
50000	ycgI	1
50000	ycgJ	1
50000	ycgK	1
50000	ycgL	1
50000	ycgM	1
50000	ycgN	1
50000	ycgO	1
50000	ycgR	1
50000	ycgV-ychF	1
50000	ycgX	1
50000	ycgY	1
50000	ycgZ	1
50000	ychA	1
50000	ychF	1
50000	ychH	1
50000	ychK	1
50000	ychM	1
50000	ychQ	1
50000	yciC	1
50000	yciD	1
50000	yciN-topA	1
50000	yciQ	1
50000	yciT	1
50000	yciW	1
50000	ycjD	1
50000	ycjG	1
50000	ycjI	1
50000	ycjJ	1
50000	ycjJ-ycjK	1
50000	ycjV	1
50000	ycjY	1
50000	ycjZ	1
50000	ydaA	1
50000	ydaE	1
50000	ydaF	1
50000	ydaG	1
50000	ydbC	1
50000	ydbD	1
50000	ydbH	1
50000	ydbJ	1
50000	ydbL	1
50000	ydcA	1
50000	ydcI	1
50000	ydcI-ydcJ	1
50000	ydcL	1
50000	ydcM	1
50000	ydcO	1
50000	yddA	1
50000	yddG	1
50000	yddL	1
50000	yddM	1
50000	ydeI-ydeJ	1
50000	ydeM	1
50000	ydeN	1
50000	ydeZ	1
50000	ydfD	1
50000	ydfE	1
50000	ydfJ	1
50000	ydfQ-1	1
50000	ydhA-ydhH	1
50000	ydhP-ECB_01628	1
50000	ydhX	1
50000	ydiA	1
50000	ydiD	1
50000	ydiE	1
50000	ydiM	1
50000	ydiU	1
50000	ydiV	1
50000	ydiY	1
50000	ydiZ	1
50000	ydjH	1
50000	ydjI	1
50000	ydjJ	1
50000	ydjK	1
50000	ydjL	1
50000	ydjM	1
50000	ydjN	1
50000	ydjO	1
50000	ydjZ	1
50000	yeaA	1
50000	yeaB	1
50000	yeaC	1
50000	yeaD	1
50000	yeaE	1
50000	yeaH	1
50000	yeaI	1
50000	yeaU	1
50000	yeaW	1
50000	yeaX	1
50000	yeaY	1
50000	yeaZ	1
50000	yebA	1
50000	yebF	1
50000	yebG	1
50000	yebK	1
50000	yebU-yebV	1
50000	yecA	1
50000	yecA-leuZ	1
50000	yecH	1
50000	yecJ	1
50000	yecN	1
50000	yecO	1
50000	yecR	1
50000	yedV	1
50000	yedW	1
50000	yedX	1
50000	yedY	1
50000	yedZ	1
50000	yeeF-yeeY	1
50000	yeeI	1
50000	yeeJ	1
50000	yeeN-asnW	1
50000	yeeP-flu	1
50000	yeeS	1
50000	yeeT	1
50000	yeeU	1
50000	yegD	1
50000	yegH	1
50000	yegI	1
50000	yegK	1
50000	yegL	1
50000	yegM	1
50000	yegN	1
50000	yehM	1
50000	yehP	1
50000	yeiC	1
50000	yeiL	1
50000	yeiM	1
50000	yeiN	1
50000	yeiS	1
50000	yeiW	1
50000	yejG	1
50000	yejM	1
50000	yfaO	1
50000	yfaV	1
50000	yfaW	1
50000	yfaX	1
50000	yfaY	1
50000	yfbE	1
50000	yfbM	1
50000	yfcG	1
50000	yfcH	1
50000	yfcI	1
50000	yfcJ	1
50000	yfcS	1
50000	yfcV	1
50000	yfdF	1
50000	yfeY	1
50000	yfeZ	1
50000	yffB	1
50000	yffH	1
50000	yfgF	1
50000	yfgG	1
50000	yfgH	1
50000	yfgJ	1
50000	yfgK	1
50000	yfgL	1
50000	yfgM	1
50000	yfiA-pheL	1
50000	yfiC	1
50000	yfiD	1
50000	yfiE	1
50000	yfiF	1
50000	yfiK	1
50000	yfiM	1
50000	yfiP	1
50000	yfjF	1
50000	yfjG	1
50000	ygaE	1
50000	ygaU	1
50000	ygbL	1
50000	ygcW-yqcE	1
50000	ygdB	1
50000	ygdE	1
50000	ygdK	1
50000	ygdL	1
50000	ygdP	1
50000	ygeA	1
50000	ygfI	1
50000	ygfU	1
50000	ygfX	1
50000	ygfY	1
50000	yggA	1
50000	yggE	1
50000	yggH	1
50000	yggJ	1
50000	yggL	1
50000	yggM	1
50000	yggN	1
50000	yggR	1
50000	yggS	1
50000	yggT	1
50000	yggX	1
50000	yghW	1
50000	yghXY	1
50000	yghZ	1
50000	ygiP-ttdA	1
50000	ygjQ	1
50000	ygjR	1
50000	ygjT	1
50000	ygjU	1
50000	ygjV	1
50000	yhaB	1
50000	yhbC	1
50000	yhbG	1
50000	yhbH	1
50000	yhbN	1
50000	yhdA	1
50000	yhdE	1
50000	yhdH	1
50000	yhdH-accB	1
50000	yhdZ	1
50000	yheO-fkpA	1
50000	yhfU-yhfV	1
50000	yhfZ-trpS	1
50000	yhgA	1
50000	yhgG	1
50000	yhgH	1
50000	yhgI	1
50000	yhgN	1
50000	yhhA	1
50000	yhhF	1
50000	yhhL	1
50000	yhhM	1
50000	yhhT	1
50000	yhhW	1
50000	yhhY	1
50000	yhhZ	1
50000	yhiI	1
50000	yhiJ	1
50000	yhiKL	1
50000	yhiN	1
50000	yhiW	1
50000	yhjE	1
50000	yhjG	1
50000	yhjN	1
50000	yhjV	1
50000	yhjW	1
50000	yiaA	1
50000	yiaB	1
50000	yiaD	1
50000	yiaF	1
50000	yiaG	1
50000	yiaH	1
50000	yiaI	1
50000	yiaJ	1
50000	yiaK	1
50000	yiaL	1
50000	yiaM	1
50000	yiaN	1
50000	yiaO	1
50000	yibF	1
50000	yibL	1
50000	yicE	1
50000	yicH	1
50000	yicI	1
50000	yicJ	1
50000	yicM	1
50000	yicN	1
50000	yicO	1
50000	yidQ	1
50000	yidR	1
50000	yidS	1
50000	yidX	1
50000	yidY	1
50000	yidZ	1
50000	yieE	1
50000	yieF	1
50000	yieH	1
50000	yieI	1
50000	yieJ	1
50000	yieK	1
50000	yieN-kup	1
50000	yieP-rrsC	1
50000	yifB-ilvL	1
50000	yifL	1
50000	yigA	1
50000	yihD	1
50000	yihE	1
50000	yihF	1
50000	yihG	1
50000	yihL	1
50000	yihM	1
50000	yihV	1
50000	yihW	1
50000	yihX	1
50000	yiiU	1
50000	yiiX	1
50000	yijP	1
50000	yjaB	1
50000	yjaG	1
50000	yjaH	1
50000	yjbJ	1
50000	yjbL	1
50000	yjbN	1
50000	yjbO	1
50000	yjcB	1
50000	yjcF	1
50000	yjcH	1
50000	yjcQ	1
50000	yjcR	1
50000	yjcS	1
50000	yjdC	1
50000	yjeE	1
50000	yjeF	1
50000	yjeH-groES	1
50000	yjeM	1
50000	yjeP	1
50000	yjfC	1
50000	yjfL	1
50000	yjfM	1
50000	yjfN	1
50000	yjfO	1
50000	yjfP	1
50000	yjfQ	1
50000	yjfR	1
50000	yjgA	1
50000	yjgB	1
50000	yjgD-yjgM	1
50000	yjgH	1
50000	yjgW	1
50000	yjgZ	1
50000	yjhP	1
50000	yjhQ	1
50000	yjiZ	1
50000	yjjN	1
50000	yjjZ	1
50000	ykgA	1
50000	ykgB	1
50000	ykgC	1
50000	ykgD	1
50000	ykgD-ykgE	1
50000	ykgI	1
50000	ykgJ	1
50000	ykgK-ykgL	1
50000	ykgL	1
50000	ykgM	1
50000	ylbE	1
50000	ylbF	1
50000	ylbG	1
50000	yliG	1
50000	ymbA	1
50000	ymgA	1
50000	ymgB	1
50000	ymgC	1
50000	ymgE	1
50000	ymgF	1
50000	ymjA	1
50000	ynaI	1
50000	ynaJ	1
50000	ynbE	1
50000	yncB	1
50000	yncC	1
50000	yncD	1
50000	yneG	1
50000	yneH	1
50000	yneI	1
50000	yneL	1
50000	ynfA	1
50000	ynfB	1
50000	ynfC	1
50000	ynfD	1
50000	ynfE	1
50000	ynfG	1
50000	ynfH	1
50000	ynfI	1
50000	ynfJ	1
50000	ynfK	1
50000	ynfL	1
50000	yniA	1
50000	yniC	1
50000	ynjA	1
50000	ynjI-topB	1
50000	yoaB	1
50000	yoaC	1
50000	yoaF-yeaP	1
50000	yoaH	1
50000	yobF-yebO	1
50000	yodA	1
50000	yodB	1
50000	yoeD-yeeX	1
50000	yojL	1
50000	ypdE	1
50000	ypfG	1
50000	ypfH	1
50000	ypfI	1
50000	ypfJ	1
50000	yqaE	1
50000	yqfA	1
50000	yqfB	1
50000	yqgA	1
50000	yqgC	1
50000	yqgD	1
50000	yqgE	1
50000	yqgF	1
50000	yqiH	1
50000	yqiI	1
50000	yqiK-rfaE	1
50000	yrbK	1
50000	yrfA	1
50000	yrfB	1
50000	yrfC	1
50000	yrfD	1
50000	yrhA	1
50000	yrhB	1
50000	ytfF	1
50000	ytfK-ytfL	1
50000	yzcX	1
50000	zipA	1
50000	znuA	1
50000	znuB	1
50000	znuC	1
50000	zraP	1
50000	zraR	1
50000	zraS	1
50000	zur	1
